S.no,Name,Youtuber,Country,Subscribers,Category_2,avgViews,avgLikes,avgComments,Category_3
1,T-Series,tseries,India,224400000,Music & Dance,141500,4600,125,
2,Cocomelon - Nursery Rhymes,checkgate,,142500000,Education,12500000,64800,0,
3,PewDiePie,PewDiePie,United States,111600000,Animation,1900000,130500,7400,
4,MrBeast,MrBeast6000,United States,104100000,Video games,44800000,2200000,70900,Humor
5,✿ Kids Diana Show,✿ Kids Diana Show,,100500000,Animation,6900000,34800,0,Toys
6,Like Nastya,Like Nastya,,100400000,Toys,5300000,28100,0,
7,WWE,WWEFanNation,United States,90800000,Video games,139500,4800,205,
8,Zee Music Company,zeemusiccompany,India,87700000,Music & Dance,103700,1400,54,
9,Vlad and Niki,Vlad and Niki,,86100000,Animation,5300000,14400,0,Toys
10,BLACKPINK,BLACKPINK,United States,80300000,Music & Dance,10400000,1400000,42000,
11,5-Minute Crafts,5-Minute Crafts,India,77300000,,214100,1800,77,
12,Goldmines,GoldminesTelefilms,India,75700000,,141900,2100,56,
13,Sony SAB,sabtv,India,71700000,Movies,61700,924,18,Animation
14,BANGTANTV,BANGTANTV,India,70600000,Music & Dance,3900000,743300,15800,
15,HYBE LABELS,ibighit,United States,68200000,Music & Dance,1000000,173100,4500,
16,Canal KondZilla,CanalKondZilla,Brazil,66000000,Music & Dance,37400,1700,109,
17,Zee TV,zeetv,India,63400000,,109400,1100,15,
18,Shemaroo Filmi Gaane,filmigaane,India,61800000,Music & Dance,30400,273,14,
19,Pinkfong Baby Shark - Kids' Songs & Stories,SmartBooksMedia,,60000000,Animation,523200,1300,0,Toys
20,ChuChu TV Nursery Rhymes & Kids Songs,ChuChu TV Nursery Rhymes & Kids Songs,,58400000,Toys,758800,3600,0,
21,Dude Perfect,corycotton,United States,58300000,Video games,6400000,206700,7900,
22,Movieclips,movieclips,United States,57800000,Movies,18800,181,11,Animation
23,Colors TV,colorstv,India,56000000,,19300,407,5,
24,Marshmello,Marshmello,United States,55900000,Music & Dance,197900,13200,729,
25,Wave Music,BHOJPURIWAVE,,53900000,Music & Dance,56600,857,94,
26,Tips Official,tipsmusic,India,53500000,Music & Dance,233300,2800,60,
27,Aaj Tak,aajtaktv,India,53400000,News & Politics,7500,138,11,
28,EminemMusic,EminemMusic,United States,53300000,Movies,1600000,90600,5300,Animation
29,T-Series Bhakti Sagar,tseriesbhakti,India,53300000,Music & Dance,45600,1300,53,
30,Sony Music India,sonymusicindiaSME,India,53000000,Music & Dance,451400,15900,1100,
31,Ed Sheeran,EdSheeran,United States,52400000,Music & Dance,239100,20900,1100,
32,El Reino Infantil,ReinoMariaElenaWalsh,,52300000,Music & Dance,234600,894,0,
33,LooLoo Kids - Nursery Rhymes and Children's Songs,LooLooKids,United States,50200000,Music & Dance,1100000,5700,0,
34,YRF,yrf,India,48200000,Music & Dance,67200,3400,19,Movies
35,BillionSurpriseToys - English Kids Songs & Cartoon,BillionSurpriseToys - English Kids Songs & Cartoon,,47300000,Toys,399900,0,0,
36,Infobells - Hindi,infobellshindirhymes,India,46400000,Education,967000,4800,0,
37,JuegaGerman,JuegaGerman,Mexico,46400000,Movies,1700000,114400,3900,Animation
38,Badabun,Badabun,Mexico,45800000,,9400,447,8,
39,Fernanfloo,Fernanfloo,Mexico,45200000,Animation,3300000,0,26600,Video games
40,Felipe Neto,felipeneto,Brazil,44400000,,1000000,124500,1300,
41,BRIGHT SIDE,BRIGHT SIDE,United States,44000000,Animation,51300,1400,116,
42,whinderssonnunes,whinderssonnunes,Brazil,44000000,Music & Dance,350900,58800,1600,Animation
43,Você Sabia?,vcsabiavideos,Brazil,43500000,,488200,46400,228,
44,Bad Bunny,Bad Bunny,Mexico,43300000,Music & Dance,41300000,1400000,62000,Movies
45,SonyMusicIndiaVEVO,sonymusicindiaVEVO,India,43200000,Music & Dance,76800,2400,93,
46,Get Movies,getmovies,,41900000,,60400,375,0,
47,A4,A4,Russia,41700000,Animation,10000000,483600,30400,Humor
48,Like Nastya Show,Like Nastya Show,,41600000,Animation,121600,786,0,Toys
49,Speed Records,speedrecordss,India,41100000,Music & Dance,47500,1500,76,
50,ABS-CBN Entertainment,ABSCBNOnline,Philippines,41000000,,1200,19,0,
51,Shemaroo,ShemarooEnt,India,40600000,,8900,65,4,
52,elrubiusOMG,elrubiusOMG,Spain,40500000,Animation,0,0,0,Video games
53,Little Baby Bum - Nursery Rhymes & Kids Songs,LittleBabyBum,,39800000,Animation,218600,532,0,Toys
54,Voot Kids,Voot Kids,,39400000,Movies,1500000,11800,0,Animation
55,Luisito Comunica,LuisitoComunicaa,Mexico,39400000,,4000000,124200,3900,
56,Маша и Медведь,MashaMedvedTV,,38900000,Education,1500000,7800,0,
57,TheEllenShow,TheEllenShow,United States,38300000,,16100,411,40,
58,Ishtar Music,venus,India,38100000,Music & Dance,54500,1300,17,
59,LUCCAS NETO - LUCCAS TOON,luccasneto,Brazil,37900000,Movies,923800,16400,0,Animation
60,GR6 EXPLODE,gr6explode,Brazil,37900000,Music & Dance,75200,4800,133,
61,Kimberly Loaiza,Kimberly Loaiza,Mexico,37500000,Daily vlogs,2000000,389700,4100,
62,Shakira,shakira,United States,37500000,,2100000,0,2400,
63,WorkpointOfficial,WorkpointOfficial,Thailand,37300000,,10600,168,5,
64,Daddy Yankee,DaddyYankeeOFFTV,Colombia,36900000,Music & Dance,0,0,0,
65,Toys and Colors,Toys and Colors,,36900000,Movies,2700000,4500,0,Toys
66,CarryMinati,AddictedA1,India,36700000,Movies,24700000,4400000,170900,Humor
67,TEDx Talks,TEDxTalks,United States,36200000,,205,4,0,
68,shfa2 - شفا,shfa2 - شفا,,36100000,Daily vlogs,326000,3200,0,
69,shfa,shfa,France,36100000,Daily vlogs,3700000,52900,0,
70,Jkk Entertainment,Jkk Entertainment,India,36000000,,3900000,32600,450,
71,Masha and The Bear,Masha and The Bear,,35700000,Animation,1800000,7600,0,Toys
72,Super Simple Songs - Kids Songs,SuperSimpleSongs,,35600000,Music & Dance,1800000,3800,0,
73,Ozuna,Ozuna,United States,35300000,Music & Dance,27300000,116700,4100,
74,Goldmines Gaane Sune Ansune,Goldmines Gaane Sune Ansune,India,34800000,Music & Dance,33100,271,14,
75,one31,gmmonetv,Thailand,34600000,,6600,127,2,
76,Mikecrack,Mikecrack,Mexico,34500000,Movies,2800000,334800,6100,Animation
77,Like Nastya ESP,Like Nastya ESP,,34100000,,372400,1200,0,
78,Maria Clara & JP,Maria Clara & JP,,33600000,,5900000,40000,0,
79,YouTube,YouTube,United States,33600000,,258800,0,0,
80,Markiplier,markiplierGAME,United States,33600000,Animation,2600000,145900,5800,Video games
81,VEGETTA777,vegetta777,Mexico,33600000,Video games,766500,57400,416,
82,Total Gaming,Total Gaming,India,33500000,,1200000,127400,6300,
83,ARY Digital HD,ARY Digital HD,Pakistan,33500000,,10400,121,6,
84,ABP NEWS,abpnewstv,India,33500000,News & Politics,3500,43,4,
85,Desi Music Factory,Desi Music Factory,India,33200000,Music & Dance,3200000,4400,2500,
86,Ultra Bollywood,UltraHindi,India,33100000,,24900,217,9,
87,Sony PAL,sonypalindia,India,33100000,,9100,104,8,
88,Geet MP3,Geet MP3,India,33100000,Music & Dance,341800,22800,1200,
89,NoCopyrightSounds,NoCopyrightSounds,United States,32900000,Music & Dance,362500,15600,1200,
90,Ryan's World,Ryan's World,,32900000,Animation,826900,4100,0,Toys
91,HAR PAL GEO,harpalgeo,Pakistan,32800000,,5000,44,2,
92,SSSniperWolf,SSSniperWolf,United States,32700000,Humor,3900000,107200,6900,
93,T-Series Apna Punjab,tseriesapnapunjab,India,32600000,Music & Dance,30000,1600,31,
94,IndiaTV,IndiaTV,India,32400000,News & Politics,8600,134,12,
95,KHANDESHI MOVIES,KHANDESHI MOVIES,India,32300000,,4500000,36700,579,
96,La Granja de Zenón,cancionesdelagranja,,31800000,Music & Dance,668200,2900,0,Animation
97,GENIAL,GENIAL,Mexico,31500000,Animation,51500,1800,68,
98,Eros Now Music,erosentertainment,India,31200000,,20500,552,22,
99,Galinha Pintadinha,juptube,,31100000,Music & Dance,21700000,64900,0,
100,Bollywood Classics,tseriesoldisgold,India,31000000,Music & Dance,30700,547,28,
101,Luis Fonsi,Luis Fonsi,United States,31000000,,34800,3100,69,
102,SMTOWN,SMTOWN,United States,31000000,Music & Dance,326000,51400,1600,
103,Selena Gomez,SelGomez,United States,30900000,,347900,38600,796,
104,Mr Bean,MrBean,India,30800000,,191100,2700,80,
105,Rajshri,rajshri,India,30600000,,18500,145,8,
106,Ricis Official,Ricis Official,Indonesia,30600000,Music & Dance,621600,27300,789,Movies
107,Trap Nation,AllTrapNation,United States,30400000,Music & Dance,74900,2600,96,
108,DisneyMusicVEVO,DisneyMusicVEVO,United States,30300000,Music & Dance,295200,6100,393,Movies
109,The Tonight Show Starring Jimmy Fallon,latenight,United States,30200000,Movies,166500,5600,171,Humor
110,Saregama Music,SongsOfIndianCinema,India,30100000,Music & Dance,26600,967,11,
111,AH,AH,Indonesia,30000000,Music & Dance,831500,37300,2600,Movies
112,Spinnin' Records,SpinninRec,United States,29800000,Music & Dance,56000,2600,74,
113,rezendeevil,rezendeevil,Brazil,29600000,Movies,293400,28500,742,Humor
114,BabyBus - Kids Songs and Cartoons,BabyBus - Kids Songs and Cartoons,,29600000,Animation,792600,4500,0,Toys
115,The Weeknd,xoxxxoooxo,United States,29500000,Music & Dance,652500,50100,2400,
116,Jingle Toons,Jingle Toons,India,29100000,,82500,830,10,
117,PowerKids TV,PowerKids,India,29100000,Movies,83500,0,0,Animation
118,Worldwide Records Bhojpuri,WWRBhojpuri,India,29000000,Music & Dance,85500,2300,103,
119,ImagineDragons,ImagineDragons,United States,28800000,Music & Dance,133500,13700,151,
120,Vlad và Nikita,Vlad và Nikita,,28800000,Movies,3300000,24600,0,Humor
121,MrBeast Gaming,MrBeast Gaming,United States,28800000,Animation,8800000,419900,16500,Video games
122,Ultra Music,UltraRecords,United States,28800000,Music & Dance,22800,824,41,
123,jacksepticeye,jacksepticeye,United States,28800000,Video games,2300000,125600,6200,
124,Maluma,Maluma,Colombia,28800000,Music & Dance,45600,2600,202,
125,Techno Gamerz,Techno Gamerz,India,28600000,,4000000,319500,15400,
126,Peppa Pig - Official Channel,theofficialpeppa,,28500000,Toys,886300,4200,0,
127,Wow Kidz,Wow Kidz,,28300000,Animation,57700,643,0,Humor
128,قناة طيور الجنة | toyoraljanahtv,toyoraljanahtv,,28300000,Music & Dance,252300,0,0,
129,DONA 도나,DONA 도나,United States,28200000,,0,0,0,
130,Talking Tom,TalkingTomCat,United States,28100000,,769900,839,0,
131,Little Angel: Nursery Rhymes & Kids Songs,Little Angel: Nursery Rhymes & Kids Songs,,28000000,Toys,1300000,7400,0,
132,KAROL G,Karolgmusic,Colombia,28000000,Music & Dance,51800000,1700000,96200,
133,The Late Late Show with James Corden,TheLateLateShow,United States,28000000,Animation,86700,2300,130,Humor
134,GMANetwork,GMANETWORK,Philippines,27900000,,3200,78,2,
135,MR. INDIAN HACKER,MR. INDIAN HACKER,India,27400000,,5600000,451900,18500,
136,TheDonato,TheDonato,Mexico,27300000,,380600,34200,678,
137,Zee News,zeenews,India,27200000,News & Politics,10800,202,14,
138,infobells - Tamil,infobellstamil,,27200000,Education,375200,1800,0,
139,Genevieve's Playhouse - Learning Videos for Kids,Genevieve's Playhouse - Learning Videos for Kids,,27100000,Toys,1300000,1200,0,
140,Diana and Roma ESP,Diana and Roma ESP,,26700000,Animation,728900,3900,0,
141,ToypuddingTV,toypudding,India,26600000,,5300,32,1,
142,व्लाद और निकिता,व्लाद और निकिता,,26600000,,460000,3900,0,
143,Bounce Patrol - Kids Songs,Bounce Patrol - Kids Songs,,26600000,Music & Dance,1000000,5900,0,
144,Aditya Music,adityamusic,India,26500000,Music & Dance,16800,359,17,
145,infobells - Telugu,infobellstelugu,,26400000,Education,305900,1400,0,
146,enchufetv,enchufetv,Ecuador,26400000,,178200,14400,71,
147,DanTDM,TheDiamondMinecart,United States,26300000,Video games,1600000,48400,5100,
148,WORLDSTARHIPHOP,WorldStarHipHopTV,United States,26100000,Music & Dance,34600,1100,86,
149,toycantando,toycantando,,25900000,Music & Dance,99700,481,0,Animation
150,VanossGaming,VanossGaming,United States,25800000,Animation,1000000,45600,647,Video games
151,1MILLION Dance Studio,1MILLION Dance Studio,India,25700000,,48600,2500,36,
152,Renato Garcia,xSkyHeLLxx,Brazil,25700000,Movies,1100000,97900,1500,Animation
153,LosPolinesios,LosPolinesios,Mexico,25700000,Music & Dance,1700000,62000,2200,Movies
154,JYP Entertainment,jypentertainment,United States,25500000,Music & Dance,219800,24100,1300,
155,BB Ki Vines,BB Ki Vines,India,25500000,Movies,6700000,870800,73300,Humor
156,Lucas and Marcus,TwiNboTzVids,United States,25500000,Animation,1000000,25700,1200,Humor
157,Nick Jr.,nickelodeonjuniorfr,,25400000,Animation,76300,241,0,Toys
158,Smosh,smosh,United States,25100000,Movies,213100,12600,437,Humor
159,Beyoncé,beyonce,United States,25100000,Music & Dance,5300000,221400,12500,
160,Jess No Limit,Jess No Limit,Indonesia,24900000,Movies,319900,11700,897,Animation
161,Goldmines Dishoom,Goldmines Dishoom,,24800000,,28300,327,0,
162,WatchMojo.com,WatchMojo,United States,24700000,Movies,92300,2500,310,
163,Nicki Minaj,NickiMinajTelevision,United States,24700000,Music & Dance,350500,32700,2400,
164,Sandeep Maheshwari,Sandeep Maheshwari,India,24700000,Daily vlogs,257100,28000,172,
165,Masha y el Oso,Masha y el Oso,,24500000,Animation,562900,3500,0,
166,Netflix,NewOnNetflix,United States,24500000,Movies,198900,3400,321,Animation
167,Raffy Tulfo in Action,Raffy Tulfo in Action,Philippines,24500000,News & Politics,680200,10500,1000,
168,David Guetta,davidguettavevo,Brazil,24500000,Music & Dance,178200,6500,369,
169,Post Malone,postmalone,United States,24500000,Music & Dance,138200,9800,573,
170,ZHC,ZHC,United States,24500000,Design/art,0,0,0,DIY & Life Hacks
171,1theK (원더케이),LOENENT,Indonesia,24300000,,12300,1100,49,
172,Rans Entertainment,Rans Entertainment,Indonesia,24200000,Music & Dance,894400,29700,737,Humor
173,Amit Bhadana,Amit Bhadana,India,24200000,Humor,0,0,0,
174,Chloe Ting,Chloe Ting,United States,24100000,Fitness,183600,10700,374,Health & Self Help
175,Aditya Movies,adityacinema,India,24100000,,22400,496,17,
176,KSI,KSIOlajidebt,United Kingdom,24100000,Music & Dance,453800,51700,1800,
177,James Charles,James Charles,United States,23900000,Beauty,1100000,65300,1400,Fashion
178,Ninja,NinjasHyper,United States,23900000,Animation,251400,11300,613,Video games
179,Diana and Roma HIN,Diana and Roma HIN,,23700000,,328000,1700,0,
180,Chris Brown,ChrisBrownTV,United States,23700000,Music & Dance,9800000,361300,19300,
181,Coldplay,ColdplayVEVO,United States,23600000,Music & Dance,329500,13700,600,
182,Logan Paul,Logan Paul,United States,23600000,Video games,0,0,0,Humor
183,TRANS7 OFFICIAL,TRANS7indonesia,Indonesia,23500000,Food & Drinks,6600,89,8,
184,ABPLIVE,ABPLIVE,India,23500000,News & Politics,2500,28,3,
185,Happy Lives,Happy Lives,,23500000,,30800,218,0,
186,Shemaroo Movies,shemaroomovies,India,23400000,,45000,474,12,
187,Troom Troom,Troom Troom,,23400000,Animation,367100,3500,128,Toys
188,NickyJamTV,NickyJamTV,Colombia,23300000,Music & Dance,26800,2300,65,Movies
189,Mister Max,Mister Max,Russia,23100000,DIY & Life Hacks,1800000,34800,1300,
190,Enrique Iglesias,EnriqueIglesiasPlay,United States,23000000,Music & Dance,29000,2800,155,
191,Sesame Street,SesameStreet,,23000000,,199300,517,0,
192,Tina Pontes,mildicasdemulher,Brazil,23000000,,105300,4000,0,
193,netd müzik,netdmuzikk,Turkey,22900000,Music & Dance,9300,244,50,
194,Jelly,JellyYT,United States,22900000,Video games,224100,10300,531,
195,Goldmines Bollywood,Goldmines Bollywood,India,22900000,,20200,117,7,
196,Crazy XYZ,Crazy XYZ,India,22900000,,3700000,294100,10200,
197,Anuel AA,Anuel AA,Colombia,22700000,Music & Dance,44400000,832600,58200,Animation
198,DrossRotzank,DrossRotzank,Mexico,22700000,,2200000,150200,8400,
199,The Lallantop,The Lallantop,India,22600000,News & Politics,36900,1000,107,
200,Miss Katy,Miss Katy,Russia,22500000,Video games,1000000,15600,667,
201,Frost Diamond,Frost Diamond,Indonesia,22500000,Music & Dance,488900,35100,1200,Video games
202,HUM TV,HumNetwork,Pakistan,22500000,,1600,10,0,
203,Like Nastya AE,Like Nastya AE,,22400000,,456200,3000,0,
204,WB Kids,WB Kids,,22400000,Movies,92600,559,0,Animation
205,The Chainsmokers,THECHAINSMOKERS,United States,22300000,Humor,34800,1700,47,
206,Technical Guruji,Technical Guruji,India,22300000,,178400,10500,1200,
207,GMM GRAMMY OFFICIAL,gmmgrammyofficial,Thailand,22300000,Music & Dance,3800,72,3,
208,Venus Movies,VenusMovies,India,22200000,,143600,1200,29,
209,Smile Family,Smile Family,,22100000,Movies,78400,719,0,Toys
210,mmoshaya,mmoshaya,Saudi Arabia,22100000,,2000000,33100,2200,
211,America's Got Talent,AmericasGotTalent,United States,21900000,Music & Dance,263300,4200,246,Movies
212,White Hill Music,WHBBP,India,21900000,Music & Dance,22700,1700,54,
213,Paulo Londra,Paulo Londra,Argentina,21900000,Music & Dance,12500000,682900,24700,
214,Diana and Roma ARA,Diana and Roma ARA,,21900000,,1200000,8200,0,
215,TED,TEDtalksDirector,United States,21900000,,47500,1300,162,
216,Goldmines Movies,goldmineshindi,India,21700000,,9000,81,5,
217,FaZe Rug,oRugrat,United States,21700000,Video games,4100000,106200,7300,Humor
218,Peppa Pig Español Latino - Canal Oficial,PeppaLatinoAmericano,,21600000,Toys,624900,3200,0,
219,Pen Movies,PenIndiaPvtLimited,India,21600000,Movies,56000,2500,79,Animation
220,Enaldinho,TheEnaldinhO,Brazil,21600000,Movies,816100,43800,656,
221,BabyBus - Canciones Infantiles & Cuentos,BabyBus - Canciones Infantiles & Cuentos,,21400000,Movies,478200,2300,0,Animation
222,MrBeast en Español,MrBeast en Español,Mexico,21200000,,7100000,265600,10100,
223,Like Nastya PRT,Like Nastya PRT,,21200000,,365600,2200,0,
224,Juan De Dios Pantoja,Juan De Dios Pantoja,Mexico,21200000,Daily vlogs,4600000,237300,4400,
225,SSundee,SSundee,United States,21100000,Video games,1700000,95100,3700,
226,Brent Rivera,Brent Rivera,United States,21100000,Video games,5000000,201900,13100,Humor
227,Tasty,Tasty,United States,21100000,Food & Drinks,112800,4300,64,
228,FGTeeV,FGTeeV,United States,21100000,Animation,1300000,18500,2000,Video games
229,Preston,PrestonPlayz,United States,21000000,Animation,1400000,53200,521,Video games
230,Charlie Puth,CharliesVlogs,United States,21000000,Music & Dance,615300,59800,2200,
231,5-Minute Crafts DIY,5-Minute Crafts DIY,India,20900000,Music & Dance,18300,303,9,Humor
232,D Billions,D Billions,,20900000,,1000000,1200,0,
233,Baim Paula,Baim Paula,Indonesia,20900000,Music & Dance,642400,27100,2100,Movies
234,Goldmines Cineplex,Goldmines Cineplex,India,20800000,,6400,84,3,
235,Canal Canalha,CanalCanalha,Brazil,20700000,Sports,1200000,146900,4100,
236,Kids TV - Nursery Rhymes And Baby Songs,Kids TV - Nursery Rhymes And Baby Songs,,20700000,Toys,122400,379,0,
237,National Geographic,NationalGeographic,United States,20500000,,40300,1600,57,
238,Disney Latinoamérica,DisneyChannelLA,,20500000,,22100,129,0,
239,Brave Wilderness,Brave Wilderness,United States,20500000,,1600000,32200,3100,
240,Family GamesTV,Family GamesTV,,20500000,,9600,0,0,
241,StarPlus,starplus,India,20500000,,260900,5600,69,
242,Ultra Movie Parlour,UltraMovieParlour,India,20300000,,40700,910,15,
243,BuzzFeedVideo,BuzzFeedVideo,United States,20300000,Food & Drinks,33100,824,23,
244,AuthenticGames,AuthenticGames,Brazil,20200000,Movies,26400,2000,114,Video games
245,Rotana,RotanaAudio,Saudi Arabia,20100000,Music & Dance,153800,7200,172,
246,LazarBeam,LazarBeam,United States,20100000,Animation,0,0,0,Video games
247,shfa show India,shfa show India,,20100000,Daily vlogs,1200000,9400,0,
248,SlivkiShow,SlivkiChanel,Russia,20100000,Video games,2800000,195900,21900,
249,5-Minute Crafts PLAY,5-Minute Crafts PLAY,India,20100000,,79700,297,14,
250,REACT,TheFineBros,United States,20100000,Humor,137500,5400,400,
251,Vevo,VEVO,United States,20100000,Music & Dance,11500,415,5,
252,HaerteTest,HaerteTest,India,20000000,,23400,151,32,
253,LankyBox,LankyBox,United States,20000000,Video games,438000,6600,360,
254,Lyrical Lemonade,GooodLifeFilms,United States,19900000,,2900000,60200,2900,
255,Tlnovelas,TelenovelaTelevisa,Mexico,19900000,,11800,282,8,
256,Mnet K-POP,Mnet,United States,19900000,Music & Dance,9500,900,33,Animation
257,Pencilmation,rossbollinger,United States,19900000,Animation,172900,2500,76,Humor
258,Totoy kids - Português,Totoy kids - Português,,19900000,Animation,872400,4600,0,
259,Vlad and Niki Arabic,Vlad and Niki Arabic,,19900000,,975300,6500,0,
260,toyorbabytv,toyorbabytv,,19800000,Music & Dance,157300,0,0,
261,Pentatonix,PTXofficial,United States,19700000,Music & Dance,120300,5700,103,
262,Dr. Vivek Bindra: Motivational Speaker,MrVivekBindra,India,19700000,Education,172900,9400,608,
263,Romeo Santos,romeo,United States,19700000,Music & Dance,837100,38100,1600,
264,Marvel Entertainment,MARVEL,United States,19700000,Movies,299400,12100,786,Animation
265,Noor Stars,Noor Stars,Iraq,19600000,Movies,1300000,131100,6500,Humor
266,Got Talent Global,gottalentglobal,United States,19500000,,127000,1400,57,
267,★ Kids Roma Show,★ Kids Roma Show,,19500000,Animation,1300000,8300,0,Toys
268,Gordon Ramsay,gordonramsay,United States,19500000,Food & Drinks,153800,3900,320,Health & Self Help
269,Deddy Corbuzier,corbuzierprediction,Indonesia,19500000,,4200000,70700,8100,
270,Kinder Spielzeug Kanal,Kinder Spielzeug Kanal,,19400000,Animation,83400,852,0,Toys
271,Troom Troom Es,Troom Troom Es,Mexico,19300000,,125700,2500,72,
272,Infinite,Infinite,United States,19300000,Video games,776700,25300,2400,Humor
273,Eva Bravo Play,Eva Bravo Play,,19300000,,523500,3400,0,
274,Robin Hood Gamer,RobinHoodGamer1,Brazil,19300000,Animation,1000000,51400,784,Video games
275,Kurzgesagt – In a Nutshell,Kurzgesagt,United States,19300000,Education,7000000,329700,24700,
276,Fatos Desconhecidos,fatosdesconhecidos,Brazil,19200000,Science & Technology,194500,19000,683,
277,Beast Reacts,Beast Reacts,United States,19100000,,12700000,389700,7100,
278,Sun TV,Sun TV,India,19100000,,89400,1600,19,
279,Crafty Panda,Crafty Panda,India,19100000,Music & Dance,81300,571,15,
280,NBA,NBA,United States,19100000,Sports,58300,1700,119,
281,DLS News,DLS News,India,19000000,News & Politics,61500,1700,104,
282,Clash of Clans,OfficialClashOfClans,United States,18900000,Movies,299400,14000,394,Animation
283,invictor,invictorgs3,Mexico,18900000,Animation,1300000,70200,982,Video games
284,Netflix India,Netflix India,India,18900000,,131000,2800,105,
285,Jimmy Kimmel Live,JimmyKimmelLive,United States,18900000,Movies,133100,3400,257,
286,The ACE Family,The ACE Family,United States,18900000,Humor,702100,26000,2500,
287,Green Gold TV - Official Channel,greengoldtv,,18800000,,922600,7400,0,
288,Britain's Got Talent,BritainsGotTalent09,United Kingdom,18700000,Music & Dance,192200,1100,44,Movies
289,TRT Originals Urdu,TRT Originals Urdu,Pakistan,18700000,,308200,13600,328,
290,AS Gaming,AS Gaming,India,18700000,,370700,32700,1100,
291,TheWillyrex,TheWillyrex,Spain,18600000,,25400,1500,0,
292,The Royalty Family,The Royalty Family,United States,18500000,Humor,3400000,90200,0,
293,Vania Mania Kids,Vania Mania Kids,,18500000,Animation,368000,1700,0,Toys
294,CookieSwirlC,CookieSwirlC,United States,18500000,Video games,238100,3300,535,
295,Official Pink Panther,PinkPanther,,18400000,Movies,674900,4800,0,Animation
296,Sonotek,sonotekvideo,India,18400000,Music & Dance,28600,655,58,Animation
297,BabyBus - Cerita & Lagu Anak-anak,BabyBus - Cerita & Lagu Anak-anak,,18400000,Movies,626400,4500,0,Humor
298,KBS WORLD TV,kbsworld,Indonesia,18400000,,5300,137,6,
299,MiawAug,MiawAug,Indonesia,18400000,Video games,850700,35400,2100,
300,CKN,CKN,,18300000,Video games,235300,1400,0,Toys
301,HiMan,HiMan,Russia,18300000,Video games,1600000,76900,2400,
302,ElTrollino,ElTrollino,Mexico,18300000,Animation,3500000,102600,2800,Video games
303,Unbox Therapy,Unbox Therapy,United States,18300000,Science & Technology,1200000,28200,3300,
304,Turma da Mônica,turmadamonicaTV,,18200000,,127300,1200,0,
305,Diana and Roma EN,TheElenaYa,,18200000,Animation,701100,2800,0,Toys
306,Heidi & Zidane बच्चों की कहानियाँ,Heidi & Zidane बच्चों की कहानियाँ,,18200000,Daily vlogs,165100,1300,0,
307,Ninja Kidz TV,Ninja Kidz TV,United States,18200000,Video games,793900,18800,1300,
308,INCRÍVEL,INCRÍVEL,,18200000,Animation,26100,1300,33,
309,TheOdd1sOut,TheOdd1sOut,United States,18100000,Movies,1100000,44200,1600,Animation
310,Dan-Sa / Daniel Saboya,DanielSaboya,Brazil,18100000,Music & Dance,40700,1300,48,Animation
311,Emiway Bantai,Emiway Bantai,India,18100000,Music & Dance,1600000,208500,23600,
312,GEN HALILINTAR,GEN HALILINTAR,Indonesia,18100000,Music & Dance,195700,10400,238,Humor
313,Мирошка ТВ,Мирошка ТВ,United States,18100000,,15000,87,3,
314,Vsauce,Vsauce,United States,18100000,Science & Technology,318900,17600,489,
315,Farruko,farrukotv,United States,18100000,Music & Dance,641600,39600,1800,
316,Kids Channel India - Hindi Rhymes and Baby Songs,Kids Channel India - Hindi Rhymes and Baby Songs,,18000000,Education,120200,1000,0,
317,SCTV,SCTVIndonesia,Indonesia,17900000,Music & Dance,24200,410,23,Movies
318,Village Cooking Channel,Village Cooking Channel,India,17900000,,4700000,262500,5500,
319,Like Nastya Vlog,Like Nastya Vlog,,17900000,Daily vlogs,415900,1800,0,
320,Good Mythical Morning,rhettandlink2,United States,17900000,Food & Drinks,1200000,34600,1400,
321,Naisa Alifia Yuriza (N.A.Y),Naisa Alifia Yuriza (N.A.Y),Indonesia,17900000,Music & Dance,908300,35500,596,Movies
322,Lil Pump,Lil Pump,United States,17900000,Music & Dance,1300000,77600,8100,
323,Demi Lovato,therealdemilovato,United States,17800000,Music & Dance,53500,5300,136,
324,Marmok,dj47maryn,Russia,17800000,Animation,3900000,377100,17600,Video games
325,RsiamMusic : อาร์สยาม,rsiammusic,Thailand,17800000,Music & Dance,10100,274,9,
326,Познаватель,ThePoznavatel,Russia,17700000,Toys,3100000,65600,2400,DIY & Life Hacks
327,TheGrefg,TheGrefg,Spain,17700000,Animation,986100,74800,1300,Video games
328,Ali-A,Matroix,United States,17700000,Video games,466400,13600,904,
329,Little Angel Español - Canciones Infantiles,Little Angel Español - Canciones Infantiles,,17700000,Animation,425600,2600,0,
330,Vlad and Niki IDN,Vlad and Niki IDN,,17700000,Music & Dance,605500,2500,0,Movies
331,Mother Goose Club Playhouse,SockeyeMedia,,17700000,Music & Dance,62900,160,0,
332,etvteluguindia,etvteluguindia,India,17600000,,18800,211,3,
333,Khan GS Research Centre,Khan GS Research Centre,India,17600000,Education,7100000,540400,23200,
334,Sebastián Yatra,SebastianYatra,Colombia,17600000,Music & Dance,84900,5300,389,
335,TED-Ed,TEDEducation,United States,17500000,Science & Technology,202500,12300,358,
336,officialpsy,officialpsy,United States,17500000,Music & Dance,3200000,258400,7400,
337,Porta dos Fundos,portadosfundos,Brazil,17400000,Movies,738900,73600,725,Animation
338,Kiddiestv Hindi - Nursery Rhymes & Kids Songs,Kiddiestv Hindi - Nursery Rhymes & Kids Songs,,17400000,Education,55600,210,0,
339,Junya Official Channel,Junya Official Channel,Japan,17400000,,2100000,24100,132,
340,RobleisIUTU,RobleisIUTU,Argentina,17400000,Movies,838800,57000,1900,Animation
341,Maya and Mary,Maya and Mary,,17400000,Toys,1600,0,0,Education
342,Rafa & Luiz,Rafa & Luiz,Brazil,17400000,Video games,587500,33000,703,
343,Masha e o Urso,Masha e o Urso,,17400000,,489100,3600,0,
344,Stubborn Facts,Stubborn Facts,India,17300000,,66700,3400,166,
345,SQUEEZIE,aMOODIEsqueezie,France,17300000,,5300000,423000,7900,
346,EeOneGuy,EeOneGuy,Russia,17300000,Music & Dance,204600,13200,5600,
347,SUPER SLICK SLIME SAM,SUPER SLICK SLIME SAM,Mexico,17200000,,222200,6700,176,
348,Willyrex,Willyrex,Mexico,17200000,Video games,151900,13200,66,
349,Grammy Gold Official,grammygoldofficia,Thailand,17200000,Music & Dance,15000,312,9,
350,DUDU e CAROL,DUDU e CAROL,Brazil,17200000,,3100000,188300,1100,
351,شبكة العاب العرب | Arab Games Network,ArabGamesNetwork,Algeria,17200000,,307500,28200,1400,
352,Sourav Joshi Vlogs,Sourav Joshi Vlogs,India,17000000,Daily vlogs,5800000,532300,13900,
353,IGN,IGNentertainment,United States,17000000,,45700,1000,105,
354,Jason Derulo,JasonDerulo,United States,17000000,Music & Dance,68100,4500,66,
355,Guava Juice,aynakoitsroi,United States,17000000,,217400,6300,708,
356,7clouds,monstafluffmusicTV,United States,16900000,Music & Dance,233600,5200,175,
357,Jane ASMR 제인,Jane ASMR 제인,United States,16900000,Daily vlogs,290000,5600,285,
358,Anitta,AnittaOficial,Brazil,16900000,Music & Dance,3200000,132500,9100,
359,Doggy Doggy Cartoons,kidstvsongs,,16800000,,3100,50,0,
360,Triggered Insaan,Triggered Insaan,India,16800000,Humor,5600000,521300,15700,
361,SOMOY TV,SOMOY TV,Bangladesh,16800000,Daily vlogs,8300,185,13,
362,Dhar Mann,Dhar Mann,United States,16800000,Health & Self Help,5800000,130700,6100,
363,Dushyant kukreja,Dushyant kukreja,India,16700000,,3700000,245300,531,
364,Manual do Mundo,iberethenorio,Brazil,16700000,Science & Technology,411500,53300,645,
365,Shemaroo Comedy,indiancomedy,India,16700000,,98900,913,26,
366,TheBrianMaps,TheBrianMaps,Russia,16600000,Video games,3100000,204300,11400,Humor
367,Tu COSMOPOLIS,Tu COSMOPOLIS,Mexico,16600000,News & Politics,78600,6200,534,
368,DeToxoMoroxo,jquintanac5,Mexico,16600000,Movies,571900,34600,9100,Animation
369,Alejo Igoa,Alejo Igoa,Argentina,16600000,DIY & Life Hacks,6800000,293500,76700,
370,Goldmines Great Indian Comedy,Goldmines Great Indian Comedy,India,16600000,,14100,180,9,
371,zbing z.,zbingzbing,Thailand,16500000,Animation,390300,15600,541,Video games
372,SonyMusicSouthVEVO,SonyMusicSouthVEVO,,16500000,Music & Dance,21000,577,21,
373,tanboy kun,tanboy kun,Indonesia,16500000,Music & Dance,2000000,47500,2100,
374,IDEAS EN 5 MINUTOS,IDEAS EN 5 MINUTOS,Mexico,16500000,,39800,335,8,
375,Apple,Apple,,16400000,Music & Dance,2300000,27500,0,Animation
376,Zuni and Family,Zuni and Family,,16400000,Daily vlogs,225500,1300,0,
377,Prajapati News,Prajapati News,India,16400000,,24700,1300,64,
378,Sandra Cires Art,Sandra Cires Art,Colombia,16400000,,412000,37400,537,
379,Blippi - Educational Videos for Kids,Blippi - Educational Videos for Kids,,16400000,Education,1300000,4200,0,Toys
380,Sidemen,Sidemen,United Kingdom,16400000,Video games,10200000,412200,10600,Humor
381,ExtraPolinesios,ppextras,Mexico,16400000,Daily vlogs,131800,5600,157,
382,Dan Rhodes,Dan Rhodes,India,16300000,Animation,1800000,119000,409,Toys
383,RKD Studios,rkddigital,India,16300000,,171400,1900,56,
384,Antrax,Antrax,Mexico,16300000,Video games,570500,41400,1500,
385,The Game Theorists,MatthewPatrick13,United States,16200000,Science & Technology,2300000,123900,5900,
386,Queen Official,queenofficial,United States,16200000,Music & Dance,0,0,0,Movies
387,Fede Vigevani,Fede Vigevani,Mexico,16200000,,3500000,202700,10600,
388,FailArmy,failarmy,United States,16200000,Animation,2600000,28600,2100,Humor
389,El Reino a Jugar,El Reino a Jugar,,16200000,Education,400700,1800,0,Toys
390,Katie Angel,Katie Angel,Mexico,16100000,,306100,25900,173,
391,Les' Copaque Production,lescopaque,Indonesia,16100000,,74900,878,35,
392,VICE,vice,United States,16100000,News & Politics,414400,5600,1300,
393,Kaykai Salaider,Kaykai Salaider,Thailand,16100000,Movies,1100000,103600,4700,Humor
394,Boyce Avenue,boyceavenue,Brazil,16000000,Music & Dance,314700,11500,450,
395,Marques Brownlee,marquesbrownlee,United States,16000000,Science & Technology,2700000,127000,4300,
396,Sony AATH,Sony AATH,Bangladesh,16000000,,59200,1000,40,
397,YOLO AVENTURAS,YOLO AVENTURAS,Mexico,16000000,,1700000,140700,708,
398,Zhong,Zhong,United States,16000000,,3400000,252500,1500,
399,jeffreestar,jeffreestar,United States,16000000,Beauty,1200000,50000,5500,
400,Aayu and Pihu Show,Aayu and Pihu Show,India,16000000,Movies,3100000,71300,4200,Humor
401,DopeLyrics,DopeLyrics,United States,16000000,Music & Dance,10300,272,28,
402,JJ Olatunji,KSIOlajidebtHD,United States,16000000,,3900000,286400,11900,
403,Zappy Toons - Hindi Nursery Rhymes and Stories,Zappy Toons - Hindi Nursery Rhymes and Stories,,16000000,Education,317500,1500,0,
404,Smile Family Spanish,Smile Family Spanish,,15900000,,440700,2500,0,
405,Jason Vlogs,Jason Vlogs,,15900000,Animation,454300,2100,0,Toys
406,AMARINTV : อมรินทร์ทีวี,AMARINTV : อมรินทร์ทีวี,Thailand,15900000,News & Politics,6400,93,7,
407,Ivana Alawi,Ivana Alawi,Philippines,15800000,Daily vlogs,3700000,196800,11600,
408,Matt Stonie,MegatoadStonie,United States,15800000,Food & Drinks,1200000,52300,2500,
409,Pitbull,PitbullMusic,United States,15800000,Music & Dance,18500,1600,43,
410,Caeli YT,CaELiKe,,15800000,,43400,1600,199,
411,News24,News24page,India,15800000,News & Politics,5800,110,10,
412,Pop Chartbusters,popchartbusters,India,15800000,Music & Dance,36900,10100,37,
413,Rotten Tomatoes Trailers,movieclipsTRAILERS,United States,15800000,Movies,41900,659,71,Animation
414,AdMe,AdMe,Russia,15800000,Animation,50500,1500,81,
415,Gato Galactico | GALÁXIA,OGatoGalactico,Brazil,15600000,Animation,90400,4900,78,
416,And TV,And TV,India,15600000,,8900,104,4,
417,Roman Atwood Vlogs,RomanAtwoodVlogs,United States,15600000,Movies,311000,0,995,Humor
418,Dyland PROS,Dyland PROS,Indonesia,15500000,Movies,33300,2100,98,Animation
419,FitDance,portalfitdance,,15500000,Music & Dance,32900,1100,16,
420,RCTI - LAYAR DRAMA INDONESIA,RCTI - LAYAR DRAMA INDONESIA,Indonesia,15400000,Music & Dance,20000,353,22,Movies
421,Camilo,CamiloMusicaVideo,Colombia,15400000,Music & Dance,157000,9300,125,
422,MrBeast Shorts,MrBeast Shorts,United States,15400000,Daily vlogs,15500000,1300000,4800,
423,Like Nastya VNM,Like Nastya VNM,,15400000,,524800,0,0,
424,SriBalajiMovies,SriBalajiMovies,India,15400000,,12900,85,2,
425,LOKESH GAMER,LOKESH GAMER,India,15400000,,349200,40600,1500,
426,T3ddy,T3DDYgames,Brazil,15300000,Daily vlogs,801500,79900,2200,
427,Stokes Twins,alanalan9635,United States,15300000,Video games,11900000,404600,40200,Humor
428,With Kids[위드키즈],With Kids[위드키즈],United States,15300000,,71100,0,0,
429,Kerajinan 5-Menit,Kerajinan 5-Menit,Indonesia,15200000,Music & Dance,17000,147,6,
430,Like Nastya IDN,Like Nastya IDN,,15200000,Music & Dance,150600,0,0,Movies
431,Oyuncak Avı,Oyuncak Avı,,15200000,,284800,0,15,
432,Dangal TV Channel,Dangal TV Channel,India,15200000,,63800,956,6,
433,5-Minute Crafts FAMILY,5-Minute Crafts FAMILY,United States,15200000,,16100,175,9,
434,SAM SMITH,SAM SMITH,United States,15200000,,29900,2000,61,
435,Ch7HD,bbtvch7,Thailand,15200000,,7100,135,2,
436,TheRichest,TheRichest,United States,15200000,News & Politics,22200,644,81,
437,POPS Kids,popskids,Indonesia,15200000,Animation,4100,53,0,
438,حِرف إبداعية في 5 دقائق,حِرف إبداعية في 5 دقائق,Egypt,15100000,,35800,344,16,
439,Lahari Music | T-Series,laharimusic,India,15100000,Music & Dance,30600,1300,23,
440,LEGO,LEGO,United States,15100000,Animation,54800,666,0,
441,НТВ,ntvru,Russia,15000000,News & Politics,82300,901,216,
442,Henrique e Juliano,hejproducao,Brazil,15000000,Music & Dance,71800,3700,152,
443,Mariale,Mariale,Mexico,15000000,,154700,7000,285,
444,Talking Tom & Friends,TalkingFriends,United States,15000000,Animation,220600,2300,0,Humor
445,Makiman131,Makiman131,Spain,15000000,Movies,279500,15600,604,Animation
446,Ranz Kyle,ranziscool,Philippines,15000000,Humor,786300,27400,881,
447,Volga Video,newvolgavideo,India,15000000,,5300,43,2,
448,Harsh Beniwal,Harsh Beniwal,India,15000000,Movies,13800000,1200000,31600,Humor
449,NichLmao,NichLmao,United States,15000000,Daily vlogs,4700000,361200,2000,
450,Super Senya,Super Senya,,15000000,Animation,37200,167,0,Toys
451,LIV Crime,LIV Crime,India,15000000,Daily vlogs,95500,1100,35,
452,Niana Guerrero,Niana Guerrero,Philippines,15000000,Music & Dance,1000000,31500,1100,Humor
453,Wow Kidz Action,Wow Kidz Action,,15000000,,1300000,9100,0,
454,League of Legends,RiotGamesInc,United States,15000000,Movies,515800,33500,1100,Animation
455,GMMTV OFFICIAL​​,GMMTVSPOTLIKE,Thailand,15000000,Music & Dance,24900,544,14,Movies
456,Kwebbelkop,kwebbelkop,United States,15000000,Animation,100200,3000,284,Video games
457,La Rosa de Guadalupe,La Rosa de Guadalupe,Mexico,14900000,,90800,865,19,
458,NDTV India,ndtvindia,India,14900000,News & Politics,12700,305,33,
459,BBC News Hindi,bbchindi,India,14900000,News & Politics,167300,0,311,
460,MK MUSIC,mkmusicnews,Brazil,14900000,Music & Dance,20400,1900,33,
461,Dave and Ava - Nursery Rhymes and Baby Songs,Dave and Ava - Nursery Rhymes and Baby Songs,,14900000,Education,212000,906,0,
462,Linus Tech Tips,LinusTechTips,United States,14900000,Science & Technology,1500000,66600,3000,
463,Lachlan,Lachlan,United States,14900000,Video games,420100,19900,612,
464,Plim Plim - Kids Songs & Episodes - Spanish,elcanaldePlimPlim,,14800000,Music & Dance,735100,5500,0,
465,Daniel LaBelle,Daniel LaBelle,United States,14800000,,23100000,459400,2900,
466,Zé Neto e Cristiano,zncoficial,Brazil,14800000,,29500,3200,39,
467,iTownGamePlay *Terror&Diversión*,iTownGamePlay,Mexico,14800000,News & Politics,134500,5200,291,
468,les boys tv2,les boys tv2,France,14800000,Sports,7400,0,0,
469,NMF News,narendramodionline,India,14700000,News & Politics,12600,299,35,
470,Planeta das Gêmeas,Planeta das Gêmeas,,14700000,Toys,432200,17900,57,
471,News18 India,News18 India,India,14700000,News & Politics,2700,46,2,
472,TWICE,TWICE,Philippines,14700000,Music & Dance,565900,61600,500,Movies
473,IDEIAS INCRÍVEIS,IDEIAS INCRÍVEIS,Brazil,14700000,,13600,257,6,
474,LEGENDA FUNK,LEGENDA FUNK,Brazil,14700000,Music & Dance,6700,268,9,Animation
475,Thairath Online,thairathonline,Thailand,14700000,News & Politics,16900,233,23,
476,Jorge & Mateus Oficial,jemproducoes,Brazil,14600000,Music & Dance,1100000,12800,250,
477,MattyBRaps,MattyBRaps,United States,14600000,Music & Dance,3500000,15200,0,Movies
478,Bollywood Classics,BollywoodClassics,India,14600000,Music & Dance,40500,305,11,
479,حقائق وأسرار,حقائق وأسرار,Egypt,14600000,,0,0,0,
480,Team Films Bhojpuri,TeamFilmsBhojpuri,India,14600000,Music & Dance,17600,442,48,Movies
481,Daftar Populer,Daftar Populer,Indonesia,14600000,News & Politics,99000,1900,199,
482,Major Lazer Official,majorlazer,United States,14600000,Music & Dance,28700,1500,95,Movies
483,Drawblogs,Drawblogs,Mexico,14600000,Movies,19100,858,58,Animation
484,Maha Fun Tv,Maha Fun Tv,India,14600000,,68200,1700,145,
485,CollegeHumor,collegehumor,United States,14600000,Movies,146000,7400,817,Humor
486,Fueled By Ramen,FueledByRamen,United States,14600000,,36900,2000,114,
487,Canal Nostalgia,Canal Nostalgia,,14600000,Science & Technology,209800,41500,286,
488,Johny FamilyShow,Johny FamilyShow,,14500000,Music & Dance,88400,303,0,Toys
489,XpressTV,XpressTV,Mexico,14500000,Science & Technology,1400000,48500,556,
490,Arif muhammad,Arif muhammad,Indonesia,14500000,Music & Dance,2900000,77600,3200,Movies
491,Mobile Legends: Bang Bang Official,Mobile Legends: Bang Bang Official,Indonesia,14500000,Movies,420700,3100,26,Animation
492,Zach King,Zach King,United States,14500000,Movies,633700,0,899,Humor
493,Fun For Kids TV - Hindi Rhymes,Fun For Kids TV - Hindi Rhymes,,14500000,,522300,2900,0,
494,Busy Fun Ltd,Busy Fun Ltd,India,14500000,,9000000,35500,584,
495,Boram Tube ToysReview [보람튜브 토이리뷰],Boram Tube ToysReview [보람튜브 토이리뷰],,14500000,Daily vlogs,28100,273,0,
496,Super Polina,Super Polina,Russia,14500000,,8900,61,0,
497,Martin Garrix,MartinGarrix,United States,14400000,Music & Dance,54000,5100,103,
498,The Slow Mo Guys,theslowmoguys,United States,14400000,,946900,62900,2800,
499,It's Mamix,It's Mamix,Russia,14400000,DIY & Life Hacks,2900000,0,5200,
500,Chad Wild Clay,chadwildclay,United States,14400000,Movies,2200000,38200,6500,Humor
501,Gyan Gamingㅤ,Gyan Gamingㅤ,India,14400000,,371800,38600,863,
502,Unspeakable,Unspeakable,United States,14400000,Video games,3300000,62700,7200,Humor
503,Totoy kids - Español,Totoy kids - Español,,14400000,Toys,731300,3400,0,
504,PlayStation,PlayStation,United States,14400000,,43800,1400,158,
505,Genierock,Genierock,Thailand,14400000,Music & Dance,100700,988,64,
506,CoryxKenshin,CoryxKenshin,United States,14400000,Video games,7500000,528300,34100,Humor
507,Aphmau,ChallengeAcceptedInc,United States,14300000,Animation,2500000,59800,4400,Video games
508,ABS-CBN News,TheABSCBNNews,Philippines,14300000,News & Politics,5400,50,4,
509,Mohamed Ramadan I محمد رمضان,MRamadanOfficial,Egypt,14200000,Music & Dance,2400000,59400,4100,
510,Zach Choi ASMR,Zach Choi ASMR,United States,14200000,Daily vlogs,166700,11000,114,
511,Camila Loures,camilaloures,Brazil,14200000,Movies,239900,18800,325,Humor
512,Anasala I أنس و أصالة,Anasala I أنس و أصالة,Egypt,14200000,,2700000,194200,7700,
513,CNN,CNN,United States,14200000,Music & Dance,323200,4700,4200,Animation
514,Gulshan Kalra,Gulshan Kalra,India,14200000,,8900000,477600,561,
515,Taarak Mehta Ka Ooltah Chashmah,Taarak Mehta Ka Ooltah Chashmah,India,14200000,,348000,5700,88,
516,UFC - Ultimate Fighting Championship,UFC,United States,14200000,Sports,135800,3000,301,
517,Trap City,OfficialTrapCity,United States,14200000,Music & Dance,35500,1800,76,
518,O Canal do Joãozinho - Little Angel Português,O Canal do Joãozinho - Little Angel Português,,14200000,Animation,764100,3500,0,
519,Daily Dose Of Internet,Daily Dose Of Internet,United States,14100000,Animals & Pets,5100000,249500,9800,
520,#Refugio Mental,#Refugio Mental,Argentina,14100000,Movies,566800,6600,80,
521,A2 Motivation by {Arvind Arora},A2 Motivation by {Arvind Arora},India,14100000,,342100,47100,208,
522,EdisonPts,EdisonPts,Russia,14100000,Video games,2000000,144900,6900,
523,Трум Трум,Трум Трум,,14100000,Humor,237200,2900,104,Toys
524,DM - Desi Melodies,DM - Desi Melodies,India,14000000,Music & Dance,15400000,321100,18600,
525,Saad Lamjarred | سعد لمجرد,SaadLamjarredTV,Morocco,14000000,Music & Dance,2000000,74700,8400,
526,F2Freestylers - Ultimate Soccer Skills Channel,F2Freestylers,United Kingdom,14000000,Sports,957600,0,328,
527,Blippi Español,Blippi Español,,14000000,Toys,485600,1700,0,Education
528,Doc Tops,Doc Tops,Mexico,14000000,Animation,1300000,58600,805,
529,AM3NlC,AM3NlC,Brazil,14000000,Food & Drinks,190600,19900,276,
530,FC Barcelona,fcbarcelona,United States,14000000,Sports,224700,14000,262,
531,Мастерская Настроения,MasterskayaNastroeny,Russia,14000000,Movies,408900,10400,209,Video games
532,Bie The Ska,bomberball,Thailand,14000000,,384500,12200,265,
533,Auron,Auron,Mexico,14000000,Video games,2000000,112600,1800,
534,NikkieTutorials,NikkieTutorials,United States,14000000,Design/art,1700000,165300,752,Beauty
535,Mis Pastelitos,mispastelitosyoutub,Mexico,13900000,Food & Drinks,864600,33400,1200,
536,Mazhavil Manorama,MazhavilManorama,India,13800000,,9600,106,4,
537,Rosanna Pansino,RosannaPansino,United States,13800000,DIY & Life Hacks,206300,8800,224,
538,MNCTV OFFICIAL,MNCTVOfficial,Indonesia,13800000,Music & Dance,2000,40,1,
539,Hongyu ASMR 홍유,Hongyu ASMR 홍유,United States,13800000,ASMR,666700,8900,258,
540,Kuplinov ► Play,Kuplinov ► Play,Russia,13800000,Video games,1300000,83600,2300,
541,MY FAMILY,MY FAMILY,India,13800000,,3700000,14200,220,
542,CrashCourse,crashcourse,United States,13800000,Science & Technology,48600,1800,65,
543,SMOL,SMOL,United States,13800000,,359400,16300,18,
544,ADEL et SAMI,ADEL et SAMI,France,13800000,Music & Dance,63300,487,0,Humor
545,MSA previously My Story Animated,MSA previously My Story Animated,United States,13800000,Animation,7600000,200400,6700,Humor
546,Jake Fellman,Jake Fellman,United States,13800000,,216500,9100,44,
547,TazerCraft,TazerCraft,Brazil,13800000,Movies,462400,27000,493,Animation
548,MAIKI021,MAIKI021,Brazil,13800000,Movies,30200,3700,75,Animation
549,NOBRU,NOBRU,Brazil,13800000,Video games,146400,21800,174,Toys
550,DangMattSmith,dangmattsmith,,13700000,Animation,114300,4200,436,Humor
551,Wengie,WWWengie,United States,13700000,DIY & Life Hacks,74500,3500,270,
552,Zig & Sharko,Zig & Sharko,,13700000,,387500,2900,0,
553,Aadishakti Films,Aadishakti Films,,13700000,Music & Dance,61100,2800,231,
554,Lyna,SrtaLynaV,Mexico,13700000,Movies,458200,23700,1400,Animation
555,5-Minute Crafts Recycle,5-Minute Crafts Recycle,India,13600000,,38500,323,11,
556,Vlad and Niki ESP,Vlad and Niki ESP,,13600000,,621800,2900,0,
557,Harry Styles,Harry Styles,United States,13600000,Music & Dance,0,0,0,
558,Vlad and Niki ARA,Vlad and Niki ARA,,13600000,,381400,2900,0,
559,Neha Kakkar,NehaKakkarOfficial,India,13600000,Music & Dance,130500,8300,133,
560,ABC News,ABCNews,United States,13600000,News & Politics,12500,148,116,
561,Narins Beauty,Narins Beauty,Iraq,13600000,,2900000,224400,12200,
562,Telemundo,telemundotv,Argentina,13600000,,72200,2400,156,
563,TV Ana Emilia,TV Ana Emilia,Mexico,13600000,,264900,11400,1200,
564,YOLO,YOLO,Mexico,13600000,,1100000,87400,1200,
565,The World Adventures हिन्दी,The World Adventures हिन्दी,,13500000,Daily vlogs,17100,996,33,
566,ZEE5,ZEE5,India,13500000,,394,6,0,
567,Wesley Safadão,bandagarotasafada,Brazil,13500000,Music & Dance,30400,1800,36,
568,PlayHard,boplayhard,Brazil,13500000,,458500,67800,114,
569,Online Job,Online Job,India,13500000,,7900,203,38,
570,Lindsey Stirling,lindseystomp,United States,13500000,Music & Dance,241100,20100,994,Movies
571,Wish 107.5,Wish 107.5,Philippines,13500000,Music & Dance,178200,4000,331,
572,Kurt Hugo Schneider,Kurt Hugo Schneider,United States,13400000,,859600,2600,77,
573,FAPTV,FAPtivi,United States,13400000,Animation,3100000,0,1200,Humor
574,How Ridiculous,whoisjimmy,United States,13400000,Video games,1300000,52300,2300,
575,Gallina Pintadita,GallinaPintadita,,13400000,Animation,297000,1500,0,
576,H2ODelirious,H2ODelirious,United States,13400000,Animation,113300,6200,217,Video games
577,123 GO! Spanish,123 GO! Spanish,Mexico,13400000,Animation,475200,5500,75,
578,Atlantic Records,AtlanticVideos,United States,13400000,Music & Dance,9200,422,11,
579,PrestonPlayz,PrestonPlayz,United States,13400000,Animation,1200000,44000,1400,Video games
580,MyMissAnand,MyMissAnand,India,13300000,Movies,1500000,49300,428,Humor
581,Anaysa,iloveindianmakeup,India,13300000,Movies,835100,24300,707,Humor
582,Infobells Bangla,Infobells Bangla,,13200000,Education,466400,2500,0,
583,ETV Jabardasth,ETV Jabardasth,India,13200000,,106400,1800,38,
584,SRK MUSIC,SRKASSAMESE,India,13200000,Music & Dance,317400,13800,542,
585,Desi Gamers,Desi Gamers,India,13200000,,664200,89800,4000,
586,Coke Studio,Coke Studio,Pakistan,13200000,Music & Dance,1900000,17500,446,Movies
587,Like Nastya Stories,Like Nastya Stories,,13200000,,145200,1100,0,
588,Shorts Break,Shorts Break,India,13200000,,15400000,810600,942,
589,O Reino Infantil,OReinho,,13200000,Music & Dance,94500,465,0,
590,theRadBrad,theRadBrad,United States,13200000,Video games,139200,5900,484,
591,The LaBrant Fam,The LaBrant Fam,United States,13200000,Music & Dance,934100,26400,0,Humor
592,Поззи,PozzitifonShow,Russia,13200000,Video games,898600,34200,2600,
593,The Q,The Q,United States,13100000,,2100000,51000,2700,
594,T-Series Hamaar Bhojpuri,hamaarbhojpuri,India,13100000,Music & Dance,12100,291,33,
595,Alex Gonzaga Official,Alex Gonzaga Official,Philippines,13100000,Music & Dance,2900000,129800,2000,Humor
596,DALLMYD,DALLMYD,United States,13000000,Mystery,464200,28200,1500,
597,Katakit Baby TV,HusamYK,Saudi Arabia,13000000,Music & Dance,484400,4800,0,
598,PowerfulJRE,PowerfulJRE,United States,13000000,Daily vlogs,1600000,33300,3700,
599,Dear Sir,Dear Sir,India,13000000,Education,162800,11400,747,
600,Zeinab Harake,Zeinab Harake,Philippines,13000000,Daily vlogs,2500000,136600,3100,
601,Ajay Sharma,Ajay Sharma,India,13000000,,4400000,245200,208,
602,Matt Steffanina,MattSDance,United States,13000000,Music & Dance,116600,4800,50,Movies
603,NishaMadhulika,NishaMadhulika,India,13000000,Food & Drinks,191000,5100,786,
604,ATHLEAN-X™,JDCav24,United States,13000000,Fitness,616400,29700,810,Health & Self Help
605,Ray William Johnson,RayWilliamJohnson,United States,13000000,Animation,3500000,338300,2800,Humor
606,The Shiny Peanut,The Shiny Peanut,Indonesia,13000000,,14400,371,24,
607,O Que Não Dizer Oficial,O Que Não Dizer Oficial,Brazil,13000000,Movies,419900,46500,535,Animation
608,twenty one pilots,twentyonepilots,United States,13000000,Music & Dance,50500,5300,137,
609,BBC News,bbcnews,United Kingdom,13000000,News & Politics,111300,1600,819,
610,Typical Gamer,typicalgamer,United States,13000000,Video games,393800,10700,333,
611,Everson Zoio,djzoi0,Brazil,12900000,Movies,539000,71800,4200,Animation
612,KOMPASTV,KompasTVNews,Indonesia,12900000,News & Politics,8500,73,27,
613,RedeTV,RedeTVhdBrasil,Brazil,12900000,News & Politics,3600,129,4,
614,MrSuicideSheep,MrSuicideSheep,United States,12800000,,68400,3200,68,
615,Veritasium,1veritasium,United States,12800000,Science & Technology,4700000,125000,5000,
616,Hacksmith,MstrJames,United States,12800000,Video games,323200,14700,318,
617,أترو/Atro,أترو/Atro,Iraq,12800000,,413400,49700,8500,
618,unknown boy varun,unknown boy varun,India,12800000,Music & Dance,22400000,2100000,1800,
619,Jazzghost,jazzghost1,Brazil,12800000,Animation,952500,58300,1700,Video games
620,Rebecca Zamolo,rebeccazamolo1,United States,12800000,Video games,3200000,67700,8700,Humor
621,Lady Diana,Lady Diana,Russia,12800000,Music & Dance,2100000,63800,2800,
622,T-Series Regional,tseriesregional,India,12800000,Music & Dance,6500,119,15,
623,Top Viral Talent,MusicTalentNow,United States,12800000,,25100,302,17,
624,Crescendo com Luluca,Crescendo com Luluca,Brazil,12800000,Toys,1200000,44600,4000,
625,Sony Music South,Sony Music South,India,12800000,Movies,265600,8000,194,Animation
626,VexTrex,VexTrex,,12800000,,97700,0,0,
627,Goldmines Premiere,GoldClassics,,12800000,,7600,145,0,
628,Ei Nerd,einerdtv,Brazil,12800000,Movies,284000,39100,1400,Animation
629,#Refúgio Mental,#Refúgio Mental,Brazil,12800000,Movies,341700,9800,89,Animation
630,ГЛЕНТ,ГЛЕНТ,Russia,12800000,Video games,1700000,167200,5400,
631,Disney Junior,disneyjunior,,12700000,Music & Dance,103600,272,0,
632,Alan Chikin Chow,Alan Chikin Chow,India,12700000,,15000000,430800,611,
633,StudyIQ IAS,StudyIQ IAS,India,12700000,Education,8600,475,10,
634,Health Time,Health Time,India,12700000,Daily vlogs,6900,238,8,
635,Blossom,Blossom,United States,12700000,,45800,1000,11,
636,BBC,BBC,United Kingdom,12600000,Movies,19000,275,33,
637,gymvirtual,gymvirtual,Mexico,12600000,Music & Dance,94500,3100,92,
638,TKOR,1032010814,United States,12600000,DIY & Life Hacks,62000,1500,125,
639,Lokdhun Punjabi,htpunjabi,India,12600000,Music & Dance,0,0,0,
640,BIBO와 장난감,BIBO와 장난감,,12600000,,51600,0,0,
641,Knowledge Tv हिन्दी,Knowledge Tv हिन्दी,India,12600000,Education,50300,2100,105,
642,Juliana Baltar,Juliana Baltar,Brazil,12600000,Movies,241100,15400,477,Humor
643,DJ Khaled,DJ Khaled,United States,12600000,Music & Dance,384900,14400,756,
644,Narendra Modi,Narendra Modi,India,12600000,Science & Technology,26600,1200,105,News & Politics
645,Kabita's Kitchen,Kabita's Kitchen,India,12600000,,333700,7300,461,
646,JOJO TV - Hindi Stories,JOJO TV - Hindi Stories,India,12600000,,95200,625,0,
647,Zee Bangla,zeebangla,India,12600000,,17200,221,2,
648,Awakening Music,awakeningrecords,Indonesia,12600000,Music & Dance,22500,2000,97,
649,Melon City Show - برنامج ولاية بطيخ,Melon City Show - برنامج ولاية بطيخ,Iraq,12600000,,356800,16900,241,
650,Adexe & Nau,AdexeOficial,Mexico,12600000,Music & Dance,44200,4300,159,
651,Parafernalha,canalparafernalha,Brazil,12600000,,29200,1800,11,
652,JesseAndMike,JesseAndMike,United States,12600000,,986200,11200,261,
653,karameeshchannel,karameeshchannel,Jordan,12500000,Music & Dance,164900,2300,0,
654,Piuzinho,Piuzinho,Brazil,12500000,Animation,522800,126800,2400,Humor
655,Brawl Stars,Brawl Stars,United States,12500000,Animation,1600000,115400,5500,
656,ماشا و الدب,ماشا و الدب,,12500000,,1100000,6800,0,
657,Peppa Pig em Português Brasil - Canal Oficial,OficialPeppa,,12500000,Movies,631100,5400,0,Animation
658,Blockbuster Movies,Blockbuster Movies,India,12500000,Daily vlogs,146800,3500,19,
659,Troom Troom India,Troom Troom India,India,12500000,,269200,2400,36,
660,Talking Angela,TalkingAngelaCat,United States,12400000,Music & Dance,99400,3500,122,
661,elliegoulding,elliegoulding,United States,12400000,Music & Dance,16700,1300,51,
662,キッズライン♡Kids Line,runway19co,,12400000,Toys,4600,0,0,Education
663,People Vs Food,React,United States,12400000,Food & Drinks,637900,23000,1300,
664,Come Play With Me,Come Play With Me,,12400000,Toys,2500000,0,0,
665,Meghan Trainor,Meghan Trainor,United States,12400000,Music & Dance,17400,1300,36,
666,Mythpat,Mythpat,India,12400000,,4200000,357300,16900,
667,LOUD,LOUD,Brazil,12400000,,165900,18100,241,
668,CaseyNeistat,caseyneistat,United States,12400000,Daily vlogs,939100,53600,4200,
669,Just For Laughs Gags,JustForLaughsTV,United States,12400000,,42400,812,32,
670,Troom Troom PT,Troom Troom PT,Brazil,12400000,Toys,82300,1700,61,
671,Gibby :),Gibby :),Mexico,12400000,Movies,892400,59700,1900,
672,The Dodo,TheDodoSite,United States,12400000,Animals & Pets,471700,19100,690,
673,Little Baby Bum en Español,LittleBabyBumEspanol,,12400000,Education,37900,0,0,
674,DisneyChannelUK,DisneyChannelUK,,12300000,Movies,92600,945,0,Humor
675,My Mate Nate,My Mate Nate,Thailand,12300000,,1400000,42500,1000,
676,Think Music India,thinkmusicindia,India,12300000,Music & Dance,53100,2400,19,
677,Bispo Bruno Leonardo,Bispo Bruno Leonardo,Brazil,12300000,Music & Dance,680900,240800,186800,
678,Bela Bagunça,Bela Bagunça,Brazil,12300000,Movies,125100,5700,201,Animation
679,GMA News,gmanews,Philippines,12300000,News & Politics,3000,34,5,
680,HZHtube Kids Fun,HZHtube Kids Fun,,12200000,Animation,334100,2200,0,Toys
681,FIFA,FIFATV,United States,12200000,Sports,31900,1400,34,
682,DeGoBooM,DeGoBooM,Mexico,12200000,Movies,367100,11100,278,Animation
683,Geo News,geonews,Pakistan,12200000,News & Politics,5700,87,10,
684,Más SKabeche,Más SKabeche,Mexico,12200000,,1500000,97600,1600,
685,Trakin Tech,Trakin Tech,India,12200000,News & Politics,337200,19700,1100,
686,NDTV,ndtv,India,12200000,News & Politics,3000,41,10,
687,Compot,TastyCompot,Russia,12200000,Video games,1100000,47800,2100,
688,Kids TV India Hindi Nursery Rhymes,kidstvindia,,12200000,Education,328400,2100,0,
689,DaniRep | +6 Vídeos Diarios De GTA 5 Online!,TheDaniRep,Mexico,12200000,Animation,206200,12000,155,Video games
690,Jass Records,officialjassrecords,India,12200000,Music & Dance,24700,1100,10,
691,RaptorGamer,RaptorGamer,Mexico,12100000,Animation,624800,36900,1000,Video games
692,Sonotek Bhakti,htbhakti,India,12100000,Music & Dance,83800,1200,43,
693,Marta and Rustam,Marta and Rustam,India,12100000,,4100000,150600,116,
694,Vogue,Americanvogue,United States,12100000,Fashion,266400,13500,643,
695,The Infographics Show,TheInfographicsShow,United States,12100000,Education,232200,7400,440,
696,Jordan Matter,jordanmatter,United States,12100000,Music & Dance,11400000,226300,21500,Humor
697,Codiscos,Codiscos,,12000000,Music & Dance,8900,209,8,
698,BanderitaX,BanderitaX,Saudi Arabia,12000000,Animation,997300,122100,4400,Video games
699,NORMAN FAIT DES VIDÉOS,NormanFaitDesVideos,France,12000000,Movies,0,0,0,Animation
700,Netflix Jr.,storybots,,12000000,Animation,46200,132,0,Humor
701,Troom Troom Indonesia,Troom Troom Indonesia,Indonesia,12000000,Music & Dance,175500,1600,43,Movies
702,Ice Cream Rolls,Ice Cream Rolls,United States,12000000,,66000,2100,129,
703,Jamuna TV,Jamuna TV,Bangladesh,12000000,News & Politics,19400,566,48,
704,Lulu99,Lulu99,Colombia,12000000,,1300000,71600,5100,
705,CHHOTU KI MASTI,CHHOTU KI MASTI,India,12000000,,1700000,14000,197,
706,Panda,Panda,India,12000000,Animation,754300,62500,1300,Toys
707,Akshay Nagwadiya,Akshay Nagwadiya,India,12000000,,3400000,257900,855,
708,E-MasterSensei,E-MasterSensei,Mexico,12000000,Movies,2000000,65400,1300,Video games
709,Technology Gyan,Technology Gyan,India,12000000,,419000,34500,1700,
710,Planet Earth INDIA,Planet Earth INDIA,India,12000000,Daily vlogs,53100,1700,143,
711,WiederDude,WiederDude,United States,12000000,,1600000,19900,324,
712,Yair17,YairAuriazul,Mexico,12000000,Movies,239100,28800,664,Animation
713,Yudist Ardhana,Yudist Ardhana,Indonesia,12000000,Movies,243400,7000,255,
714,Avril Lavigne,AvrilLavigne,United States,12000000,Music & Dance,122200,11800,454,
715,Rauw Alejandro,Rauw Alejandro,Peru,11900000,Music & Dance,0,0,0,
716,Timba Vk,MrTimbaVk,Mexico,11900000,Animation,1100000,48800,1100,Video games
717,Mor Haryanvi,Mor Haryanvi,India,11900000,Music & Dance,170700,1800,45,
718,Kluna Tik,Kluna Tik,United States,11900000,,244200,3200,224,
719,CNCO,CNCO,Mexico,11900000,Music & Dance,161800,20200,1000,
720,TV9 Bharatvarsh,TV9 Bharatvarsh,India,11900000,News & Politics,4400,86,3,
721,Republic Bharat,Republic Bharat,India,11900000,News & Politics,6200,0,7,
722,Rubius Z,elrubius,Argentina,11900000,Movies,2300000,186900,2500,Animation
723,TommyInnit,TommyInnit,United States,11800000,Animation,2400000,252700,11100,Video games
724,MrGear,MrGear,United States,11800000,,72100,0,93,
725,Tfue,TTfue,United States,11800000,Animation,140300,6100,278,Video games
726,emma chamberlain,emma chamberlain,United States,11800000,Food & Drinks,3100000,220900,6300,
727,MORGENSHTERN,MORGENSHTERN,Russia,11800000,Music & Dance,0,0,0,Movies
728,123 GO!,123 GO!,United States,11800000,DIY & Life Hacks,374600,2900,99,
729,Luan Santana,luansantanaoficial,Brazil,11800000,Music & Dance,2200000,33600,1200,
730,DANIEL EL TRAVIESO VIDEOS,DANIEL EL TRAVIESO VIDEOS,Colombia,11800000,Animation,865300,42200,3000,Humor
731,Duo Tiempo De Sol,TiempodeSol,,11800000,Music & Dance,122600,1100,0,Animation
732,Nat and Essie,Nat and Essie,United States,11800000,Toys,54100,1300,0,
733,FrontaL Gaming,FrontaL Gaming,,11800000,Movies,115500,7300,307,Animation
734,웃웃TwinsFromRussia,N1Noobtubers,United States,11800000,Daily vlogs,107900,5200,22,
735,Луномосик,Луномосик,Russia,11800000,Video games,2700000,61800,1700,
736,Ben Azelart,Ben Azelart,United States,11800000,Video games,12400000,0,27400,Humor
737,MBC مصر,MBCMASR,Egypt,11800000,,1900,25,1,
738,El Trece,eltreceok,,11700000,News & Politics,2400,23,5,
739,Koo Koo TV - Hindi,Koo Koo TV - Hindi,India,11700000,,210500,2900,71,
740,办公室小野 Ms Yeah,办公室小野 Ms Yeah,United States,11700000,,520200,37200,37,
741,TsMadaan,TsMadaan,India,11700000,Education,3500,269,8,
742,infobells - Kannada,infobellskannada,,11700000,Education,179600,987,0,
743,Luli Pampín,lucygerardi43,,11700000,Music & Dance,3300000,8200,0,Animation
744,YoungBoy Never Broke Again,YoungBoy Never Broke Again,United States,11700000,Music & Dance,29800,1700,95,
745,Make Joke Of,Make Joke Of,India,11700000,Movies,14400000,0,30600,Animation
746,Halsey,Halsey,United States,11600000,News & Politics,84500,10100,206,
747,First We Feast,FirstWeFeast,United States,11600000,Food & Drinks,167200,3700,308,
748,SBT,SBTonline,Brazil,11600000,,7800,332,3,
749,Indore Physical Academy,Indore Physical Academy,India,11600000,,131200,9100,207,
750,Garena Free Fire LATAM,Garena Free Fire LATAM,Mexico,11600000,,39500,2400,160,
751,Spider Slack,Spider Slack,Brazil,11600000,,6000000,541700,614,
752,Colors Rishtey,KapilComedyNights,India,11600000,,5000,45,2,
753,Wild 'N Out,MTV2,United States,11600000,Music & Dance,202000,5400,167,Humor
754,MC Divertida,MC Divertida,,11600000,Music & Dance,276600,2200,0,Movies
755,Vy Qwaint,VyQwaint,United States,11600000,Video games,1800000,30100,6100,Humor
756,LipaoGamer,FelipeViktor,Brazil,11600000,Movies,147300,9600,143,Animation
757,الجانب المُشرق | Bright Side Arabic,الجانب المُشرق | Bright Side Arabic,Egypt,11500000,,27100,799,52,
758,GoldminesAction,GoldminesAction,,11500000,,17000,207,0,
759,Black Eyed Peas,blackeyedpeasvideo,United States,11500000,Music & Dance,28000,1300,107,
760,Pragati Verma Shorts,Pragati Verma Shorts,India,11500000,,439600,54900,513,
761,Lofi Girl,Lofi Girl,United States,11400000,Music & Dance,134800,5100,204,
762,Biper y sus Amigos,Biperysusamigos,,11400000,Music & Dance,144700,0,0,Movies
763,Maymo,crackrockcandy,United States,11400000,,275100,1100,48,
764,Quantum Tech HD,Quantum Tech HD,United States,11400000,,1700000,7300,144,
765,Tiana,Tiana,United Kingdom,11400000,Video games,419200,11300,916,Humor
766,Annoying Orange,realannoyingorange,United States,11400000,Movies,161000,4700,497,Animation
767,Mrwhosetheboss,Mrwhosetheboss,United States,11400000,Science & Technology,5000000,273200,9200,
768,Маша та Ведмідь,MashaBearUkraine,,11400000,Education,184900,867,0,
769,BBC Earth,BBCEarth,United States,11400000,,51600,1200,76,
770,ExpCaseros,ExpCaseros,Spain,11400000,DIY & Life Hacks,76400,1700,159,Food & Drinks
771,CrazyRussianHacker,CrazyRussianHacker,United States,11400000,Animation,48700,1800,85,Toys
772,Single Track Studio,hawkrecord,India,11400000,Music & Dance,1600000,34800,1000,
773,Yoga With Adriene,yogawithadriene,United States,11400000,Fitness,234600,9600,1600,
774,UnspeakableReacts,UnspeakableGaming,United States,11400000,Video games,0,0,0,
775,SonyLIV,sonyliv,India,11400000,,29300,377,13,
776,Влад и Никита,Влад и Никита,,11400000,Toys,836400,3000,0,
777,Franco Escamilla,francoescamilla,Mexico,11400000,,532400,15300,313,
778,CaptainSparklez,CaptainSparklez,United States,11400000,Video games,84700,7300,357,
779,CarryisLive,CarryisLive,India,11400000,,753300,68200,362,
780,luzugames,luzugames,Mexico,11400000,Animation,121300,13800,171,Video games
781,Pastor Antônio Júnior,prantoniojunior,Brazil,11400000,Music & Dance,328700,74800,7100,
782,MyLifeAsEva,mylifeaseva,United States,11400000,Humor,0,0,0,
783,penguinz0,penguinz0,United States,11400000,Animation,1700000,80100,4900,Video games
784,POCOYÓ en ESPAÑOL - Canal Oficial,pocoyotv,,11400000,,357600,1200,0,
785,Diana and Roma IND,Diana and Roma IND,,11400000,,401600,1800,0,
786,Star Casablanca | نجوم الدار البيضاء,Star Casablanca | نجوم الدار البيضاء,Iraq,11400000,Music & Dance,13700,594,35,
787,Kendrick Lamar,Kendrick Lamar,United States,11400000,,0,0,0,
788,Vlad and Niki PRT,Vlad and Niki PRT,,11400000,,586900,0,0,
789,Ya - Alisa,Ya - Alisa,,11300000,,3400,25,0,
790,The Viral Fever,TheViralFeverVideos,India,11300000,Movies,312300,28900,476,Humor
791,AlArabiya العربية,AlArabiya,Algeria,11300000,News & Politics,2600,50,9,
792,Danny Fitt,Danny Fitt,Mexico,11300000,,711100,62700,289,
793,ToysPlay,ToysPlay,,11300000,Animation,118300,1200,0,Toys
794,BakLol Video,BakLol Video,India,11300000,Movies,935200,15000,915,Humor
795,Avocado Couple I Crazy Comics,Avocado Couple I Crazy Comics,United States,11300000,,138200,1200,53,
796,Fortnite,epicfortnite,United States,11200000,Movies,169300,8400,343,Video games
797,Genius,RapGeniusVideo,United States,11200000,Music & Dance,43600,2700,132,Movies
798,The Film Theorists,FilmTheorists,United States,11200000,Movies,2500000,156600,7400,
799,Cut,watchcut,United States,11200000,Humor,532500,12700,688,
800,"Sen, Momo, Ai & Shii's Channel",oyabakatousan,Japan,11200000,Daily vlogs,85000,220,2,
801,Morphle TV,Morphle TV,,11200000,Animation,190400,0,0,Toys
802,bharatzkitchen HINDI,bharatzkitchen HINDI,India,11200000,,257600,6900,241,
803,Magic Five,Magic Five,Russia,11200000,Travel,460500,27400,2500,
804,Flowers Comedy,Flowers Comedy,India,11200000,,91700,1300,118,
805,Acenix,Acenix,Mexico,11200000,Video games,0,0,0,
806,Pari's Lifestyle,Pari's Lifestyle,India,11200000,Daily vlogs,1100000,14000,331,
807,HellomaphieMX,HellomaphieMX,Mexico,11200000,,718900,45300,123,
808,Mo Vlogs,Mo Vlogs,India,11200000,Humor,337500,14700,2000,Autos & Vehicles
809,Inside Edition,cbstvdinsideedition,United States,11200000,News & Politics,179300,4600,645,
810,Virgínia Fonseca,Virgínia Fonseca,Brazil,11200000,Movies,528200,40700,760,Humor
811,Flamingo,Flamingo,United States,11200000,Animation,2200000,70500,9500,Video games
812,Taylor RS,Taylor RS,United States,11200000,,75700,1600,5,
813,Tyga,TygaTygaTV,United States,11200000,Music & Dance,9000000,288500,7000,
814,Comedy Central,comedycentral,United States,11200000,Movies,35500,1100,48,Humor
815,Chotoonz TV - Funny Cartoons for Kids,chotoonz,,11200000,,36300,0,0,
816,Viih Tube,viihtubeoficial,Brazil,11100000,,78900,2800,104,
817,OGGY,OGGY,,11100000,,297300,2600,0,
818,DemolitionRanch,DemolitionRanch,United States,11000000,Video games,1600000,75900,8800,
819,Barbie,barbie,,11000000,,158700,1100,0,
820,핑크퐁 (인기 동요・동화),pinkfongko,Algeria,11000000,Education,55400,140,0,
821,ExplosmEntertainment,ExplosmEntertainment,United States,11000000,Movies,278700,18400,235,Animation
822,Coisa de Nerd,coisadenerd,Brazil,11000000,Design/art,588300,70800,1200,
823,Hueva,XHuevaX,Mexico,11000000,Video games,656900,16300,407,
824,Emily Tube,Emily Tube,,11000000,Animation,75400,14,0,Toys
825,TrapMusicHDTV,TrapMusicHDTV,United States,11000000,,0,0,0,
826,Oum Walid,Oum Walid,Algeria,11000000,Education,308900,19200,1500,
827,Levinho,Levinho,India,11000000,,225200,20300,592,
828,TWO SIDE GAMERS,TWO SIDE GAMERS,India,11000000,,724200,58800,3300,
829,IShowSpeed,IShowSpeed,United States,11000000,Video games,1800000,73000,3500,Humor
830,RS 1313 SHORTS,RS 1313 SHORTS,India,11000000,,253300,13000,28,
831,JP Plays,jpgameplayfull,Brazil,11000000,Video games,190500,8900,132,
832,Telugu Filmnagar,telugufilmnagar,India,11000000,,3500,61,2,
833,Kênh Thiếu Nhi - BHMEDIA,doctruyencotich,United States,11000000,Music & Dance,17000,62,0,Animation
834,Rachit Rojha,Rachit Rojha,India,11000000,,5200000,108200,5500,
835,BIBO и Игрушки,BIBO и Игрушки,,11000000,Animation,0,0,0,Toys
836,HikakinTV,HikakinTV,Japan,11000000,Music & Dance,2800000,73900,5100,Humor
837,Slogo,Slogomanify,United States,11000000,Video games,377400,13700,590,
838,SagaHits,sagahits,India,10900000,Music & Dance,28100,1300,84,
839,Games EduUu,GamesEduUu,Brazil,10900000,Movies,1500000,190500,5000,Toys
840,OYUNCAKOYNUYORUM,OYUNCAKOYNUYORUM,,10900000,,198000,850,0,
841,NEXT9NEWS हर खबर आप तक,NEXT9NEWS हर खबर आप तक,India,10900000,News & Politics,5000,37,2,
842,Juanpa Zurita,Juanpa Zurita,Mexico,10900000,,454600,28200,883,
843,Jessica Jane,Jessica Jane,Indonesia,10900000,Food & Drinks,1200000,39300,861,
844,AlJazeera Channel قناة الجزيرة,aljazeerachannel,Morocco,10900000,News & Politics,7800,112,35,
845,Mundo Bita,mrplotvideos,,10900000,Music & Dance,203400,876,0,Movies
846,Dobre Brothers,Dobre Brothers,United States,10900000,Movies,457900,18500,409,Humor
847,Vox,Vox,United States,10800000,News & Politics,334600,14200,544,
848,Miranda Sings,mirandasings08,United States,10800000,Movies,246500,11200,818,Humor
849,قناة وناسة -  Wanasah TV,قناة وناسة -  Wanasah TV,,10800000,Music & Dance,2000000,11200,0,
850,Experienced Mojaraba TV,Experienced Mojaraba TV,United States,10800000,Health & Self Help,22200,581,9,Food & Drinks
851,Pen Multiplex,Pen Multiplex,India,10800000,,8000,69,4,
852,Videogyan Nursery Rhymes - Kids Songs & Cartoons,videogyan,,10800000,Animation,39200,158,0,
853,Troom Troom Arabic,Troom Troom Arabic,Egypt,10800000,,306600,6000,264,
854,Zee Tamil,zeetamil,India,10800000,,12800,164,2,
855,Milena Stepanienco - MILENINHA,Milena Stepanienco - MILENINHA,Brazil,10800000,Movies,1700000,10600,0,Animation
856,Wamindia Movies,WAMIndiaMovies,India,10800000,,157800,2500,46,
857,Golemcito Games,Golemcito Games,Peru,10800000,Movies,1500000,174100,3600,Animation
858,Deji,ComedyShortsGamer,United Kingdom,10800000,Animation,2300000,278800,18100,Humor
859,BE AMAZED,BE AMAZED,United States,10800000,Education,408600,10300,650,
860,Heidi y Zidane en español,Heidi y Zidane en español,,10800000,Daily vlogs,250700,1100,0,
861,Captain Watch Hits,Captain Watch Hits,India,10800000,,11200,75,3,
862,Nirahua Music World,NirahuaMusic,India,10700000,,893600,17400,626,
863,Ceylin - H Official,Ceylin - H Official,Turkey,10700000,Music & Dance,12800,0,0,
864,RDC Gujarati,RDCGujarati,India,10700000,Music & Dance,14400,417,18,
865,Primitive Technology,Primitive Technology,United States,10700000,DIY & Life Hacks,0,0,0,
866,Goldmines Housefull,Goldmines Housefull,,10700000,,12200,0,0,
867,HISTORY,historychannel,United States,10700000,Movies,189100,4000,392,
868,Zee Kids,zeeqindia,,10700000,,10400,75,0,
869,СТС,ctctv,Russia,10700000,Video games,178600,1300,41,Humor
870,stampylonghead,stampylonghead,United States,10700000,Video games,119200,6100,1200,
871,Kids smile TV,Kids smile TV,,10700000,Movies,268900,0,0,Toys
872,KiKiDo,KiKiDo,Russia,10700000,Video games,3800000,72400,6400,Humor
873,ChuChuTV Hindi,ChuChuTV Hindi,,10600000,Education,168500,1200,0,
874,Jesse,PrankvsPrank,United States,10600000,Music & Dance,49000,2000,325,Humor
875,Caso Cerrado,Caso Cerrado,Mexico,10600000,Animation,562100,5200,177,
876,Franciny Ehlke,francinyehlke,Brazil,10600000,Fashion,876200,96500,1700,Design/art
877,Red Bull,redbull,United States,10600000,Sports,290200,7300,240,
878,Rathore Cassettes,rathorvideo,India,10600000,,8400,120,9,
879,Chill Nation,ChillStepNation,United States,10600000,Music & Dance,35500,914,38,
880,GoPro,GoProCamera,United States,10600000,Sports,52900,2100,71,
881,TikTak Draw,TikTak Draw,Mexico,10600000,Animation,107500,6600,321,
882,Gustavo Paródias,MrGustavoParodias,Brazil,10600000,,198600,20900,56,
883,Google,Google,United States,10600000,,5500,105,12,
884,Cong TV,lincolnvelasquez,Philippines,10600000,,3000000,180300,5100,
885,AdamThomasMoran,AdamThomasMoran,Russia,10600000,Video games,577900,46800,2300,Humor
886,Joe HaTTab,Joe HaTTab,Somalia,10600000,Movies,2000000,123700,4400,
887,Peppa Pig Hindi,Peppa Pig Hindi,,10600000,Education,762100,4900,0,
888,Matheus e Kauan,MeKcanal,Brazil,10600000,Music & Dance,5800,405,3,
889,NASA,NASAtelevision,United States,10600000,News & Politics,182500,6100,0,Science & Technology
890,The Noite com Danilo Gentili,sbtthenoite,Brazil,10600000,Movies,11100,537,25,Humor
891,Lucas Rangel,rangeldovine,Brazil,10600000,,288700,26900,528,
892,Craftingeek,craftingeek,Mexico,10600000,,111500,2400,202,
893,"Baby Big Mouth Kids - Sing, Dance, Explore","Baby Big Mouth Kids - Sing, Dance, Explore",,10600000,Animation,716,6,0,Toys
894,SmarterEveryDay,destinws2,United States,10600000,Science & Technology,1600000,0,6500,
895,Pinkfong en español - Canciones Infantiles,Pinkfong en español - Canciones Infantiles,,10600000,Animation,96700,213,0,Toys
896,As/Is,BuzzFeedYellow,United States,10600000,Daily vlogs,16700,527,18,
897,Stone Music Entertainment,CJENMMUSIC,United States,10600000,Music & Dance,4900,382,17,Movies
898,MTV,MTV,United States,10600000,Music & Dance,395900,9200,433,Movies
899,DuDuPopTOY,DuDuPopTOY,,10500000,Animation,7200,70,0,Humor
900,Cris Devil Gamer,Cris Devil Gamer,United States,10500000,Movies,779200,24000,615,Animation
901,Magnet World,soicon295,United States,10500000,,56600,401,11,
902,Guns N' Roses,Guns N' Roses,Brazil,10500000,Music & Dance,134300,9700,249,
903,fouseyTUBE,fouseyTUBE,United States,10500000,Humor,122800,2600,302,
904,Tanner Fox,MTflims,,10500000,Autos & Vehicles,140400,7000,521,Humor
905,Playing with Rafael,Playing with Rafael,Brazil,10500000,,59000,1400,0,
906,설기양SULGI,설기양SULGI,United States,10500000,ASMR,955600,22200,673,Food & Drinks
907,Rawan and Rayan,Rawan and Rayan,Algeria,10500000,,1000000,70800,4200,
908,Hindi Fairy Tales,Hindi Fairy Tales,India,10500000,,788200,10500,250,
909,TwinRoozi 쌍둥이 루지,TwinRoozi 쌍둥이 루지,Indonesia,10400000,Daily vlogs,104200,0,0,
910,How It Should Have Ended,HISHEdotcom,United States,10400000,Movies,117700,8500,121,Animation
911,"SaraBeautyCorner - DIY, Comedy, Makeup, Nail Art",SaraBeautyCorner,United States,10400000,DIY & Life Hacks,31600,2000,43,
912,Tomorrowland,TomorrowlandChannel,Brazil,10400000,Music & Dance,54700,1500,82,
913,Toymong tv 토이몽TV,Toymong tv 토이몽TV,,10400000,,27100,210,0,
914,Hindi Kahaniya,Hindi Kahaniya,India,10400000,,56100,836,21,
915,Stray Kids,Stray Kids,United States,10400000,Music & Dance,1100000,141500,3800,Movies
916,Sadhguru,sadhguru,India,10400000,Movies,134900,6300,231,
917,tomiii 11,tomiii 11,Mexico,10400000,Daily vlogs,74100,6700,600,
918,5-Minute Crafts LIKE,5-Minute Crafts LIKE,United States,10400000,,13300,140,4,
919,LA DIVAZA,LA DIVAZA,Mexico,10400000,Music & Dance,1000000,79700,6500,Humor
920,atv,atv,Turkey,10400000,Movies,11000,116,7,Animation
921,GNP Music,GemaNadaPertiwi,Indonesia,10400000,Music & Dance,57900,1300,0,Animation
922,Sanjoy Das Official,Sanjoy Das Official,India,10400000,,146600,24900,488,
923,Lorrayne Oliveira,Lorrayne Oliveira,Brazil,10400000,Animation,573400,28000,1100,Humor
924,Times Music,timesmusicindia,India,10400000,Music & Dance,665100,10000,620,
925,Mussoumano,mamilosmolengas,Brazil,10400000,Music & Dance,1400000,58500,3200,Animation
926,AsapSCIENCE,AsapSCIENCE,United States,10400000,Science & Technology,584600,29200,662,
927,BBC News عربي,BBCArabicNews,Morocco,10400000,News & Politics,34400,517,121,
928,Comedy Captain,Comedy Captain,India,10400000,,13300,122,4,
929,はじめしゃちょー（hajime）,0214mex,Japan,10400000,Music & Dance,1700000,43800,1800,Humor
930,Heroine Movies 2022,Heroine Movies 2022,India,10300000,Daily vlogs,248000,1500,20,
931,Laurinha e Helena - Clubinho da Laura,JessicaJulioeBaby,Brazil,10300000,Movies,157600,3200,0,Animation
932,Talent Recap,Talent Recap,United States,10300000,Music & Dance,74800,558,60,Movies
933,Red Chillies Entertainment,ChennaiExp2013,India,10300000,,71500,885,23,
934,Patty Mayo,Patty Mayo,United States,10300000,Movies,737500,27100,1200,Humor
935,Sing King,singkingkaraoke,United States,10300000,Music & Dance,13400,206,13,
936,PineappleStormTV,PineappleStormTV,Brazil,10200000,Music & Dance,954200,61000,2100,
937,[햄지]Hamzy,[햄지]Hamzy,United States,10200000,,1900000,40900,1000,
938,Receitas de Pai,Receitas de Pai,Brazil,10200000,Food & Drinks,92100,10400,312,
939,5-Minute Recipes,5-Minute Recipes,India,10200000,,38200,414,12,
940,Hindi Countdown,Hindi Countdown,India,10200000,Education,1300000,46100,1200,
941,Sab Kuchh Sekho Jano,Sab Kuchh Sekho Jano,India,10200000,News & Politics,15200,1000,36,
942,Dalas Review,DalasReview,Mexico,10200000,Science & Technology,568800,47600,8700,
943,T-STUDIO,T-STUDIO,Indonesia,10200000,,28400,851,1,
944,João Caetano,BrPVPHu3,Brazil,10200000,,486500,40100,464,
945,Viki Show,Viki Show,Russia,10200000,Video games,1100000,38700,1900,Toys
946,Wylsacom,Wylsacom,Russia,10200000,News & Politics,403700,17500,778,
947,DRJ Records Specials,DRJ Records Specials,India,10200000,,21500,123,4,
948,Miniminter,miniminter,United Kingdom,10200000,Video games,1200000,77100,1300,Humor
949,Dynamo Gaming,Dynamo Gaming,India,10200000,,210200,22900,148,
950,CS Bisht Vines,CS Bisht Vines,India,10200000,,2600000,25900,752,
951,Survival Builder,Survival Builder,United States,10200000,,147500,2200,120,
952,서은일상이야기,서은일상이야기,,10200000,,19700,148,0,
953,hasanjr11,hasanjr11,Indonesia,10200000,,656900,26500,2600,
954,Islam Populer,Islam Populer,Indonesia,10200000,Education,33100,998,129,
955,Теремок ТВ,TeremokTV,,10200000,Video games,100000,845,0,
956,Family Box,Family Box,Russia,10200000,Video games,522200,13400,208,
957,вДудь,вДудь,Russia,10200000,News & Politics,0,0,0,
958,The Daily Show with Trevor Noah,The Daily Show with Trevor Noah,United States,10200000,News & Politics,261500,9800,439,
959,Doctor Mike,Doctor Mike,United States,10100000,Health & Self Help,1600000,68700,3700,
960,Beast Philanthropy,Beast Philanthropy,United States,10100000,Food & Drinks,7900000,504700,23600,
961,Shemaroo Bhakti,bhaktisongs,India,10100000,Music & Dance,8600,173,17,
962,Oneindia Hindi | वनइंडिया हिंदी,Oneindia Hindi | वनइंडिया हिंदी,India,10100000,News & Politics,2600,27,2,
963,OneRepublic,OneRepublic,United States,10100000,Music & Dance,512200,29900,340,
964,truly,barcroftmedia,United States,10100000,News & Politics,21700,0,111,
965,Jugnu Kids - Nursery Rhymes and Best Baby Songs,Jugnu Kids - Nursery Rhymes and Best Baby Songs,,10000000,Animation,229900,1700,0,
966,ChuChuTV Español,ChuChuTV Español,,10000000,Toys,48000,248,0,
967,Теремок - Песенки для детей,TeremokSongs,Russia,10000000,Music & Dance,110600,576,0,
968,VitalyzdTv,VitalyzdTv,United States,10000000,Humor,112300,3700,574,
969,EugenBro,EugenBro,Russia,10000000,Video games,387900,19500,2000,
970,Nickelodeon,Nickelodeon,,10000000,Movies,46400,503,0,Animation
971,UTKARSH CLASSES JODHPUR,UTKARSH CLASSES JODHPUR,India,10000000,Education,150800,11000,430,
972,BERTH-OH,BERTH-OH,Mexico,10000000,Autos & Vehicles,770900,24200,442,
973,RUOK,RUOK,Brazil,10000000,,389900,43600,2300,
974,Vie Channel - HTV2,htv2channel,United States,10000000,Music & Dance,70200,682,42,
975,Orkun Işıtmak,ThePersica,Turkey,10000000,Animation,1700000,69300,2900,
976,123 GO! Hindi,123 GO! Hindi,India,10000000,,737700,5700,48,
977,Family Fun Pack,familyfunpack,United States,10000000,,125300,2200,130,
978,Netflix Latinoamérica,Netflix Latinoamérica,,10000000,,18300,551,38,
979,مصطفى GAME OVER,مصطفى GAME OVER,Iraq,10000000,,625800,73900,3200,
980,Little Angel Bahasa Indonesia - Lagu Anak,Little Angel Bahasa Indonesia - Lagu Anak,,10000000,Music & Dance,662900,4100,0,Toys
981,VYRLOriginals,VYRLOriginals,India,10000000,Music & Dance,152900,6100,253,
982,Mari Maria,makebymarimaria,Brazil,10000000,Fashion,78700,4500,170,DIY & Life Hacks
983,Eagle Home Entertainments,Eagle Home Entertainments,India,10000000,,1400,11,0,
984,SULE PRODUCTIONS,SULE PRODUCTIONS,Indonesia,9900000,,361700,10300,522,
985,Shruti Arjun Anand,shrutiarjunanand,India,9900000,Movies,616600,13200,625,Humor
986,Dharma Productions,Dharma Productions,India,9900000,,32500,1200,156,
987,SEVENGERS,SEVENGERS,India,9900000,,5800000,509100,905,
988,Programa Panico,panicopgm,Brazil,9900000,Toys,45000,1700,48,
989,QPark,joycetanner,United States,9900000,Music & Dance,197600,13800,219,Humor
990,The Voice Global,The Voice Global,United States,9900000,Music & Dance,302500,2900,78,
991,NH Studioz,nhstudioz,India,9900000,,20100,156,4,
992,Prince Royce,Prince Royce,United States,9900000,Music & Dance,6400,638,18,
993,MBCkpop,MBCkpop,Malaysia,9900000,Music & Dance,2900,284,14,
994,The Bee Family,ehbeefamily,United States,9900000,Daily vlogs,325100,15700,184,
995,Fox News,FoxNewsChannel,United States,9900000,News & Politics,148900,5500,1600,
996,Raditya Dika,Raditya Dika,Indonesia,9900000,Food & Drinks,430500,14800,741,
997,Ini Talk Show,IniTalkShow,Indonesia,9900000,Music & Dance,25200,290,17,Humor
998,SpriteDer SPD,SpriteDer SPD,Thailand,9900000,Humor,4400000,154400,3600,
999,Classic Mr Bean,Classic Mr Bean,India,9900000,,132600,1100,53,
1000,Heera Gold,Heera Gold,Pakistan,9900000,Daily vlogs,39400,1600,161,
951,Survival Builder,Survival Builder,United States,10200000,,147500,2200,120,
952,서은일상이야기,서은일상이야기,,10200000,,19700,148,0,
953,hasanjr11,hasanjr11,Indonesia,10200000,,656900,26500,2600,
954,Islam Populer,Islam Populer,Indonesia,10200000,Education,33100,998,129,
955,Теремок ТВ,TeremokTV,,10200000,Video games,100000,845,0,
956,Family Box,Family Box,Russia,10200000,Video games,522200,13400,208,
957,вДудь,вДудь,Russia,10200000,News & Politics,0,0,0,
958,The Daily Show with Trevor Noah,The Daily Show with Trevor Noah,United States,10200000,News & Politics,261500,9800,439,
959,Doctor Mike,Doctor Mike,United States,10100000,Health & Self Help,1600000,68700,3700,
960,Beast Philanthropy,Beast Philanthropy,United States,10100000,Food & Drinks,7900000,504700,23600,
962,Oneindia Hindi | वनइंडिया हिंदी,Oneindia Hindi | वनइंडिया हिंदी,India,10100000,News & Politics,2600,27,2,
963,OneRepublic,OneRepublic,United States,10100000,Music & Dance,512200,29900,340,
964,truly,barcroftmedia,United States,10100000,News & Politics,21700,0,111,
965,Jugnu Kids - Nursery Rhymes and Best Baby Songs,Jugnu Kids - Nursery Rhymes and Best Baby Songs,,10000000,Animation,229900,1700,0,
966,ChuChuTV Español,ChuChuTV Español,,10000000,Toys,48000,248,0,
967,Теремок - Песенки для детей,TeremokSongs,Russia,10000000,Music & Dance,110600,576,0,
968,VitalyzdTv,VitalyzdTv,United States,10000000,Humor,112300,3700,574,
969,EugenBro,EugenBro,Russia,10000000,Video games,387900,19500,2000,
970,Nickelodeon,Nickelodeon,,10000000,Movies,46400,503,0,Animation
971,UTKARSH CLASSES JODHPUR,UTKARSH CLASSES JODHPUR,India,10000000,Education,150800,11000,430,
972,BERTH-OH,BERTH-OH,Mexico,10000000,Autos & Vehicles,770900,24200,442,
973,RUOK,RUOK,Brazil,10000000,,389900,43600,2300,
974,Vie Channel - HTV2,htv2channel,United States,10000000,Music & Dance,70200,682,42,
976,123 GO! Hindi,123 GO! Hindi,India,10000000,,737700,5700,48,
977,Family Fun Pack,familyfunpack,United States,10000000,,125300,2200,130,
978,Netflix Latinoamérica,Netflix Latinoamérica,,10000000,,18300,551,38,
979,مصطفى GAME OVER,مصطفى GAME OVER,Iraq,10000000,,625800,73900,3200,
980,Little Angel Bahasa Indonesia - Lagu Anak,Little Angel Bahasa Indonesia - Lagu Anak,,10000000,Music & Dance,662900,4100,0,Toys
981,VYRLOriginals,VYRLOriginals,India,10000000,Music & Dance,152900,6100,253,
982,Mari Maria,makebymarimaria,Brazil,10000000,Fashion,78700,4500,170,DIY & Life Hacks
983,Eagle Home Entertainments,Eagle Home Entertainments,India,10000000,,1400,11,0,
984,SULE PRODUCTIONS,SULE PRODUCTIONS,Indonesia,9900000,,361700,10300,522,
985,Shruti Arjun Anand,shrutiarjunanand,India,9900000,Movies,616600,13200,625,Humor
986,Dharma Productions,Dharma Productions,India,9900000,,32500,1200,156,
987,SEVENGERS,SEVENGERS,India,9900000,,5800000,509100,905,
988,Programa Panico,panicopgm,Brazil,9900000,Toys,45000,1700,48,
989,QPark,joycetanner,United States,9900000,Music & Dance,197600,13800,219,Humor
990,The Voice Global,The Voice Global,United States,9900000,Music & Dance,302500,2900,78,
992,Prince Royce,Prince Royce,United States,9900000,Music & Dance,6400,638,18,
993,MBCkpop,MBCkpop,Malaysia,9900000,Music & Dance,2900,284,14,
994,The Bee Family,ehbeefamily,United States,9900000,Daily vlogs,325100,15700,184,
995,Fox News,FoxNewsChannel,United States,9900000,News & Politics,148900,5500,1600,
996,Raditya Dika,Raditya Dika,Indonesia,9900000,Food & Drinks,430500,14800,741,
997,Ini Talk Show,IniTalkShow,Indonesia,9900000,Music & Dance,25200,290,17,Humor
998,SpriteDer SPD,SpriteDer SPD,Thailand,9900000,Humor,4400000,154400,3600,
999,Classic Mr Bean,Classic Mr Bean,India,9900000,,132600,1100,53,
1000,Heera Gold,Heera Gold,Pakistan,9900000,Daily vlogs,39400,1600,161,
